GOODS_NAME,GOODS_URL
"Сливки 4D уход с гиалуроновой кислотой «Амарант», 100 мл",https://argo.pro/catalog/kosmetika-po-ukhodu-za-kozhey/2180304/
"Биогель для умывания, 200 мл",https://argo.pro/catalog/kosmetika-po-ukhodu-za-kozhey/2237896/
"Биотоник лифтинг, 150 мл",https://argo.pro/catalog/kosmetika-po-ukhodu-za-kozhey/2237897/
"Крем «AfalinaBeauty Anti-Age» с церамидами, 50 мл",https://argo.pro/catalog/kosmetika-po-ukhodu-za-kozhey/2408126/
"Крем «AfalinaBeauty Intensive» с коллагеном, 50 мл",https://argo.pro/catalog/kosmetika-po-ukhodu-za-kozhey/2408127/
"Крем массажный с экстрактом сабельника «Эсобел», 50 мл",https://argo.pro/catalog/antitsellyulitnye/360225/
"Масло косметическое «ВитаЭМ»,150 г",https://argo.pro/catalog/antitsellyulitnye/2608755/
"Скраб очищающий «ВитаЭМ», 300 г",https://argo.pro/catalog/antitsellyulitnye/2608757/
"Крем-депилятор «Альфион», 100 мл",https://argo.pro/catalog/depilyatsiya/7268/
"Гель «Эплир», 20 мл",https://argo.pro/catalog/dlya-vek/6971/
"Крем-желе для век расслабляющий, 30 мл",https://argo.pro/catalog/dlya-vek/7082/
"Эмульсия «Рициниол Ясный взор», 15 мл",https://argo.pro/catalog/dlya-vek/7161/
"Патчи с экстрактом царского дерева «Альфион», 10 мл",https://argo.pro/catalog/dlya-vek/1071609/
"Крем вокруг глаз «Секрет улитки», 15 мл",https://argo.pro/catalog/dlya-vek/1125584/
"Концентрат мультивитаминный для век «Амарант», 30 мл",https://argo.pro/catalog/dlya-vek/1613472/
"Маска косметическая «Минеральная», 200 г",https://argo.pro/catalog/dlya-litsa-shei-i-dekolte/6862/
"Крем-маска «Княжна», 130 г",https://argo.pro/catalog/dlya-litsa-shei-i-dekolte/6870/
"Скраб «Нежный», 130 г",https://argo.pro/catalog/dlya-litsa-shei-i-dekolte/6871/
"Скраб «Нежный» «Пудровая нежность», 130 г",https://argo.pro/catalog/dlya-litsa-shei-i-dekolte/6872/
"Крем «Ширлайн», 50 мл",https://argo.pro/catalog/dlya-litsa-shei-i-dekolte/6973/
"Крем-лифтинг SPF-4, 30 мл",https://argo.pro/catalog/dlya-litsa-shei-i-dekolte/7078/
"Крем увлажняющий, 150 мл",https://argo.pro/catalog/dlya-litsa-shei-i-dekolte/7081/
"Крем-маска ботанический комплекс-активатор, 75 мл",https://argo.pro/catalog/dlya-litsa-shei-i-dekolte/7083/
"Лосьон-тоник успокаивающий безалкогольный, 100 мл",https://argo.pro/catalog/dlya-litsa-shei-i-dekolte/7084/
"Лосьон-тоник для сухой кожи, 150 мл",https://argo.pro/catalog/dlya-litsa-shei-i-dekolte/7085/
"Пенка для умывания с фрутапоном грейпфрута, 200 мл",https://argo.pro/catalog/dlya-litsa-shei-i-dekolte/7090/
"Лосьон-тоник для комбинированной и жирной кожи лица и тела, 150 мл",https://argo.pro/catalog/dlya-litsa-shei-i-dekolte/7093/
"Пенка для умывания с экстрактом красных листьев винограда, 200 мл",https://argo.pro/catalog/dlya-litsa-shei-i-dekolte/7094/
"Крем-бальзам пихтовый «Зимний», 50 мл",https://argo.pro/catalog/dlya-litsa-shei-i-dekolte/7134/
"Эмульсия «Рициниол Молодость», 15 мл",https://argo.pro/catalog/dlya-litsa-shei-i-dekolte/7159/
"Бальзам для губ «Поцелуй», 10 мл",https://argo.pro/catalog/dlya-litsa-shei-i-dekolte/7557/
"Крем вечерний уход, омолаживающий 45+, 50 мл",https://argo.pro/catalog/dlya-litsa-shei-i-dekolte/7680/
"Крем дневной уход, интенсивное увлажнение 45+, 50 мл",https://argo.pro/catalog/dlya-litsa-shei-i-dekolte/7682/
"Сыворотка омолаживающая с протеинами шелка, 30 мл",https://argo.pro/catalog/dlya-litsa-shei-i-dekolte/7950/
"База под макияж ANTI-AGE корректирующая, 30 мл",https://argo.pro/catalog/dlya-litsa-shei-i-dekolte/7963/
"Крем-эксфолиант с эффектом пилинга, 75 мл",https://argo.pro/catalog/dlya-litsa-shei-i-dekolte/354650/
"Эмульсия «Рициниол Витаминный», 30 мл",https://argo.pro/catalog/dlya-litsa-shei-i-dekolte/354674/
"Маска косметическая сухая «Натуральный увлажняющий фактор», 30 г",https://argo.pro/catalog/dlya-litsa-shei-i-dekolte/860781/
"Маска косметическая сухая «Спирулина актив», 30 г",https://argo.pro/catalog/dlya-litsa-shei-i-dekolte/860786/
"Маска косметическая «Клеопатра-2», 200 г",https://argo.pro/catalog/dlya-litsa-shei-i-dekolte/1012606/
"Крем-сыворотка ""Пептиды молодости"" против морщин, 15 мл",https://argo.pro/catalog/dlya-litsa-shei-i-dekolte/1125554/
"Крем Lipofilling обновляющий, питательный «Амарант», 50 мл",https://argo.pro/catalog/dlya-litsa-shei-i-dekolte/1613474/
"Крем Лифтинг восстановление упругости кожи «Амарант», 50 мл",https://argo.pro/catalog/dlya-litsa-shei-i-dekolte/1613475/
"Сыворотка Aquavita интенсивный уход «Амарант», 30 мл",https://argo.pro/catalog/dlya-litsa-shei-i-dekolte/1613478/
"Сыворотка Формула Молодости корректирующая «Амарант», 30 мл",https://argo.pro/catalog/dlya-litsa-shei-i-dekolte/1613483/
"Гель-концентрат «Гиалурон», 75 мл",https://argo.pro/catalog/dlya-litsa-shei-i-dekolte/1656021/
"Сливки Анти-Стресс с дигидрокверцетином «Амарант», 80 мл",https://argo.pro/catalog/dlya-litsa-shei-i-dekolte/1854251/
"Крем солнцезащитный «Лето» SPF 30, 75 мл",https://argo.pro/catalog/dlya-litsa-shei-i-dekolte/1963000/
"Маска тканевая «Глубокое очищение», 2 шт, 44 г",https://argo.pro/catalog/dlya-litsa-shei-i-dekolte/2066784/
"Маска тканевая «Лифтинг-эффект», 2 шт, 44 г",https://argo.pro/catalog/dlya-litsa-shei-i-dekolte/2066785/
"Маска тканевая «Омолаживающая», 2 шт, 44 г",https://argo.pro/catalog/dlya-litsa-shei-i-dekolte/2066786/
"Бальзам «Рициниол Универсальный», 35 мл",https://argo.pro/catalog/dlya-litsa-shei-i-dekolte/2066797/
"Крем-маска «Sana nervi», 130 г",https://argo.pro/catalog/dlya-litsa-shei-i-dekolte/2352451/
"Крем для лица 30+ Основной уход, 50 мл",https://argo.pro/catalog/dlya-litsa-shei-i-dekolte/2514252/
"Крем для лица Антиоксидант, 50 мл",https://argo.pro/catalog/dlya-litsa-shei-i-dekolte/2567860/
"Крем-маска косметическая для лица и тела «ЧагаПлюс», 110 г",https://argo.pro/catalog/dlya-litsa-shei-i-dekolte/2608766/
"Набор пробников, 30 шт",https://argo.pro/catalog/dlya-litsa-shei-i-dekolte/2618029/
"Крем-дезодорант для ног «Степ», 50 мл",https://argo.pro/catalog/dlya-nog/7125/
"Эмульсия «Рициниол Очищающий», 30 мл",https://argo.pro/catalog/dlya-nog/7558/
"Крем для рук и ног с мочевиной «Компромисс», 75 мл",https://argo.pro/catalog/dlya-nog/1910498/
"Эмульсия «Рициниол Кутикула», 15 мл",https://argo.pro/catalog/dlya-nogtey/7149/
"Эмульсия «Рициниол Ногти», 15 мл",https://argo.pro/catalog/dlya-nogtey/8035/
"Крем для рук и ногтей «Компромисс», 75 мл",https://argo.pro/catalog/dlya-nogtey/1910499/
"Крем для рук «Живые масла», 75 мл",https://argo.pro/catalog/dlya-ruk/1125586/
"Крем регенерирующий «Хвойный», 100 мл",https://argo.pro/catalog/dlya-ruk/1910502/
"Гель противовирусный, антибактериальный «Жидкие перчатки» ЛОКС-SILVER, 100 мл",https://argo.pro/catalog/dlya-ruk/2002469/
"Гель-скраб «Кия» с экстрактом алоэ, 200 г",https://argo.pro/catalog/dlya-tela/6858/
"Гель-скраб «Кия» с экстрактом ромашки, 200 г",https://argo.pro/catalog/dlya-tela/6859/
"Гель-скраб «Кия» с экстрактом череды, 200 г",https://argo.pro/catalog/dlya-tela/6860/
"Крем детский с календулой «Аргоша», 50 мл",https://argo.pro/catalog/dlya-tela/7107/
"Масло противовоспалительное с шиповником «Аргоша», 150 мл",https://argo.pro/catalog/dlya-tela/7108/
"Молочко бархатистое с маслом моркови «Аргоша», 150 мл",https://argo.pro/catalog/dlya-tela/7109/
"Крем усиливающий пигментацию «Витасан», 100 мл",https://argo.pro/catalog/dlya-tela/7123/
"Дезодорант-антиперспирант «Этна», 150 мл",https://argo.pro/catalog/dlya-tela/7131/
"Гоммаж для тела с люффой, экстрактом царского дерева и маслом «Каротино», 150 мл",https://argo.pro/catalog/dlya-tela/7271/
"Крем-бальзам «Витапринол» с живицей, 75 мл",https://argo.pro/catalog/dlya-tela/360221/
"Крем для тела восстанавливающий «Леди АРГО», 200 мл",https://argo.pro/catalog/dlya-tela/1910501/
"Вода душистая «Лидер», 8 мл",https://argo.pro/catalog/parfyumeriya/1962995/
"Вода душистая «Мой стиль», 5мл",https://argo.pro/catalog/parfyumeriya/1962996/
"Бальзам «Хвойный дар», 10 мл",https://argo.pro/catalog/sredstva-aromaterapii/7204/
"Гель для душа «Пихтовый», 250 мл",https://argo.pro/catalog/sredstva-aromaterapii/678419/
"Экорсол+, гранулы, 42 г",https://argo.pro/catalog/anti-parazitarnye-sredstva/6931/
"Пара-Уолнат-Плас, капсулы, 60 шт",https://argo.pro/catalog/anti-parazitarnye-sredstva/6987/
"Гельмипаль, капсулы, 30 шт",https://argo.pro/catalog/anti-parazitarnye-sredstva/7040/
"БиоКлинзинг Комплекс, коллоидная фитоформула, 235 мл",https://argo.pro/catalog/anti-parazitarnye-sredstva/7476/
Концентрат жидкий «Популин». 200 мл,https://argo.pro/catalog/anti-parazitarnye-sredstva/7851/
"Танаксол, гранулы, 42 г",https://argo.pro/catalog/anti-parazitarnye-sredstva/7855/
"Танаксол форте, капсулы, 30 шт",https://argo.pro/catalog/anti-parazitarnye-sredstva/7946/
"Экорсол форте+, капсулы, 90 шт",https://argo.pro/catalog/anti-parazitarnye-sredstva/7947/
"Бальзам «Сибирячок» с семенами тыквы и листьями березы, 100 мл",https://argo.pro/catalog/anti-parazitarnye-sredstva/343698/
"Конфеты с растительными экстрактами «ИнваСан», 100 шт",https://argo.pro/catalog/anti-parazitarnye-sredstva/560955/
"Популин с дигидрокверцетином, 200 мл",https://argo.pro/catalog/anti-parazitarnye-sredstva/622356/
"Популин с дигидрокверцетином, 75 мл",https://argo.pro/catalog/anti-parazitarnye-sredstva/622358/
"Масло «Целительное», 250 мл",https://argo.pro/catalog/anti-parazitarnye-sredstva/800189/
"Антигельминт-био, капсулы, 90 шт",https://argo.pro/catalog/anti-parazitarnye-sredstva/2179855/
"Живица кедра 12,5% с расторопшей, 50 мл",https://argo.pro/catalog/anti-parazitarnye-sredstva/2180281/
"Литовит-М, порошок, 150 г",https://argo.pro/catalog/antiallergicheskie/6833/
"Литовит-М, гранулы 100 г ( в пакетиках)",https://argo.pro/catalog/antiallergicheskie/6854/
"Нутрикон Плюс, гранулы, 350 г",https://argo.pro/catalog/antiallergicheskie/6884/
"Пау Д'Арко, капсулы, 60 шт",https://argo.pro/catalog/antiallergicheskie/6988/
"Конфеты обогащенные пробиотические «Бифидопан», 70 г",https://argo.pro/catalog/antiallergicheskie/7033/
"Конфеты обогащенные пробиотические «Лактопан», 70 г",https://argo.pro/catalog/antiallergicheskie/7034/
"Конфеты обогащенные пробиотические «Пробиопан», 60 г",https://argo.pro/catalog/antiallergicheskie/7035/
"Альгинат кальция, капсулы, 80 шт",https://argo.pro/catalog/antiallergicheskie/7481/
"Нутрикон Плюс, хрустящие гранулы, 350 г",https://argo.pro/catalog/antiallergicheskie/7906/
"Пробиогум Лактис, 100 мл",https://argo.pro/catalog/antiallergicheskie/1698423/
"Конъюгированная линолевая кислота (КЛК), капсулы, 60 шт",https://argo.pro/catalog/antiallergicheskie/2018074/
"Пробиогум Лактис, таблетки, 60 шт",https://argo.pro/catalog/antiallergicheskie/2067148/
"Продукт метабиотический «ЭМ-Курунга» капсулы, 60 шт",https://argo.pro/catalog/antiallergicheskie/2118514/
"Продукт метабиотический «ЭМ-Курунга», таблетки, 60 шт",https://argo.pro/catalog/antiallergicheskie/2118764/
"Пентабион, капсулы, 60 шт",https://argo.pro/catalog/antiallergicheskie/2645650/
"Коктейль «Грация», 380 г",https://argo.pro/catalog/vmk/6889/
"Коктейль «Энергия», 380 г",https://argo.pro/catalog/vmk/6890/
"Витамикс, гранулы, 120 г",https://argo.pro/catalog/vmk/6911/
"Флавигран-очанка, гранулы, 120 г",https://argo.pro/catalog/vmk/6938/
"Остео Каль с глюкозамином, капсулы, 60 шт",https://argo.pro/catalog/vmk/6986/
"Бальзам «Витаминный +», 100 мл",https://argo.pro/catalog/vmk/7023/
"Драже «Кальцепан», 100 г",https://argo.pro/catalog/vmk/7027/
"Драже «Пантошка-A», 80 г",https://argo.pro/catalog/vmk/7028/
"Драже «Пантошка-Ca», 80 г",https://argo.pro/catalog/vmk/7029/
"Драже «Пантошка-Fe», 80 г",https://argo.pro/catalog/vmk/7030/
"Драже «Пантошка-Йод», 80 г",https://argo.pro/catalog/vmk/7031/
"Имьюн Саппорт, коллоидная фитоформула, 235 мл",https://argo.pro/catalog/vmk/7061/
"Остео Комплекс, коллоидная фитоформула, 235 мл",https://argo.pro/catalog/vmk/7068/
"Бьюти Комплекс, коллоидная фитоформула, 235 мл",https://argo.pro/catalog/vmk/7069/
"Детский комплекс, коллоидная фитоформула, 235 мл",https://argo.pro/catalog/vmk/7073/
"Лайф Малти Фактор, коллоидная фитоформула, 235 мл",https://argo.pro/catalog/vmk/7478/
"Драже обогащенное профилактическое «Лонопан», 115 г",https://argo.pro/catalog/vmk/7669/
"Драже детское с облепихой «Помогуша», 80 г",https://argo.pro/catalog/vmk/7787/
"Драже детское с прополисом «Помогуша», 80 г",https://argo.pro/catalog/vmk/7788/
"Завтрак кедровый для здоровья печени с расторопшей и куркумой, 40 г",https://argo.pro/catalog/vmk/407649/
"Завтрак кедровый для сердца с боярышником и амарантом, 40 г",https://argo.pro/catalog/vmk/407654/
"Завтрак кедровый для стройной фигуры с ягодами годжи, 40 г",https://argo.pro/catalog/vmk/407656/
"Супер мега мульти, таблетки, 60 шт",https://argo.pro/catalog/vmk/563034/
"Завтрак кедровый для пищеварения с тыквой и грушей, 40 г",https://argo.pro/catalog/vmk/914654/
"Завтрак кедровый для иммунитета с клюквой, вишней и облепихой, 40 г",https://argo.pro/catalog/vmk/914937/
"Завтрак кедровый для ясного ума с темным шоколадом и черникой, 40 г",https://argo.pro/catalog/vmk/915296/
"Продукт белково-витаминный «Кедровая сила - Активная», 237 г",https://argo.pro/catalog/vmk/1655942/
"Продукт белково-витаминный «Кедровая сила - Защитная», 237 г",https://argo.pro/catalog/vmk/1656015/
"Продукт белково-витаминный «Кедровая сила - Сердечная», 237 г",https://argo.pro/catalog/vmk/1656020/
"Коктейль «Грация плюс», 25 г",https://argo.pro/catalog/vmk/1656033/
"Коктейль «Энергия плюс», 25 г",https://argo.pro/catalog/vmk/1656036/
"Крем-суп «Таежный» с грибами и картофелем, 30 г",https://argo.pro/catalog/vmk/1698689/
"Продукт симбиотический «КуЭМсил», таблетки, 60 шт",https://argo.pro/catalog/vmk/2067366/
"Витамикс-форте, капсулы, 30 шт",https://argo.pro/catalog/vmk/2408122/
"Смесь белковая «НовоПротеин» тыква, 500 г",https://argo.pro/catalog/vmk/2598538/
"Смесь белковая «НовоПротеин» шоколад, 500 г",https://argo.pro/catalog/vmk/2598540/
"Витаминно-минеральный обогащенный комплекс «Ледипан»-кардио, капсулы, 60 шт",https://argo.pro/catalog/vmk/2608773/
"Литовит-О, таблетки, 140 г",https://argo.pro/catalog/detoksikatsiya/6835/
"Литовит-У, таблетки, 140 г",https://argo.pro/catalog/detoksikatsiya/6837/
"Литовит, таблетки, 140 г",https://argo.pro/catalog/detoksikatsiya/6842/
"Оптисорб, 100 г (в пакетиках)",https://argo.pro/catalog/detoksikatsiya/6851/
"Нутрикон Селен, гранулы, 350 г",https://argo.pro/catalog/detoksikatsiya/6885/
"Нутрикон Фито, гранулы, 350 г",https://argo.pro/catalog/detoksikatsiya/6886/
"Нутрикон Янтарь, гранулы, 350 г",https://argo.pro/catalog/detoksikatsiya/6888/
"Ширлайн, гранулы, 120 г",https://argo.pro/catalog/detoksikatsiya/6934/
"Токсидонт-май+, 75 мл",https://argo.pro/catalog/detoksikatsiya/6941/
"Красный клевер ТSN, капсулы, 60 шт",https://argo.pro/catalog/detoksikatsiya/6991/
"Уна дэ Гато, таблетки, 60 шт",https://argo.pro/catalog/detoksikatsiya/6995/
"Масло кедровое «Здравие», капсулы 100 шт",https://argo.pro/catalog/detoksikatsiya/7009/
"Гепаль, капсулы, 30 шт",https://argo.pro/catalog/detoksikatsiya/7038/
"Холепаль, капсулы, 30 шт",https://argo.pro/catalog/detoksikatsiya/7039/
"Каталитин, таблетки, 100 шт",https://argo.pro/catalog/detoksikatsiya/7042/
"Каталитин, таблетки, 40 шт",https://argo.pro/catalog/detoksikatsiya/7043/
"Хитолан, таблетки, 40 шт",https://argo.pro/catalog/detoksikatsiya/7045/
"Гепатолептин, таблетки, 50 шт",https://argo.pro/catalog/detoksikatsiya/7047/
"Энтеролептин, таблетки, 50 шт",https://argo.pro/catalog/detoksikatsiya/7053/
"Гемолептин, таблетки, 50 шт",https://argo.pro/catalog/detoksikatsiya/7058/
"Детокс, коллоидная фитоформула, 235 мл",https://argo.pro/catalog/detoksikatsiya/7070/
"Семена лопуха, капсулы, 190 шт",https://argo.pro/catalog/detoksikatsiya/7475/
"Нефро Комплекс, коллоидная фитоформула, 235 мл",https://argo.pro/catalog/detoksikatsiya/7479/
"Нутрикон Селен, хрустящие гранулы, 350 г",https://argo.pro/catalog/detoksikatsiya/7907/
"Нутрикон Фито, хрустящие гранулы, 350 г",https://argo.pro/catalog/detoksikatsiya/7908/
"Нутрикон Янтарь, хрустящие гранулы, 350 г",https://argo.pro/catalog/detoksikatsiya/7909/
"Живица кедра 12,5% с сабельником, 50 мл",https://argo.pro/catalog/detoksikatsiya/410755/
"Молочный чертополох, таблетки, 60 шт",https://argo.pro/catalog/detoksikatsiya/563016/
"Токсидонт-май с дигидрокверцетином, 75 мл",https://argo.pro/catalog/detoksikatsiya/622359/
"Токсидонт-май с экстрактами коры ивы и листа малины, 10 саше по 5 г",https://argo.pro/catalog/detoksikatsiya/968208/
"Десерт кедровый «Черная смородина»,150 г",https://argo.pro/catalog/detoksikatsiya/1012598/
"Пробиогум Плантарум, 100 мл",https://argo.pro/catalog/detoksikatsiya/1698679/
"Крем-суп «Алтайский» с тыквой и кукурузой, 30 г",https://argo.pro/catalog/detoksikatsiya/1698683/
"Литовит-М, порошок, 50 г",https://argo.pro/catalog/detoksikatsiya/2066710/
"Пробиогум Плантарум, таблетки, 60 шт",https://argo.pro/catalog/detoksikatsiya/2067149/
"Продукт симбиотический «КуЭМсил Детокс», таблетки, 60 шт",https://argo.pro/catalog/detoksikatsiya/2067370/
"Масло кедровое «Здоровая печень с экстрактом корней одуванчика», , капсулы 100 шт",https://argo.pro/catalog/detoksikatsiya/2180294/
"Литовит, гранулы, 100 г",https://argo.pro/catalog/detoksikatsiya/2608764/
"Литовит, порошок, 100 г",https://argo.pro/catalog/detoksikatsiya/2608765/
"Литовит-С, гранулы, 100 г",https://argo.pro/catalog/korrektsiya-vesa/6836/
"Нутрикон Хром, гранулы, 350 г",https://argo.pro/catalog/korrektsiya-vesa/6887/
"Напиток чайный «Оздоровительный», 60 г",https://argo.pro/catalog/korrektsiya-vesa/6892/
"Батончик «Успех-2» Five o'clock, 45 г",https://argo.pro/catalog/korrektsiya-vesa/6904/
"Галега-Нова, гранулы, 90 г",https://argo.pro/catalog/korrektsiya-vesa/6913/
"Масло кедровое, капсулы 100 шт",https://argo.pro/catalog/korrektsiya-vesa/7012/
"Аргосластин, таблетки, 200 шт",https://argo.pro/catalog/korrektsiya-vesa/7041/
"Шугар Бэланс, коллоидная фитоформула, 235 мл",https://argo.pro/catalog/korrektsiya-vesa/7065/
"Тирео Саппорт, коллоидная фитоформула, 235 мл",https://argo.pro/catalog/korrektsiya-vesa/7075/
"Нутрикон Хром, хрустящие гранулы, 350 г",https://argo.pro/catalog/korrektsiya-vesa/7845/
"Живица кедра 12,5% с гуараной, 50 мл",https://argo.pro/catalog/korrektsiya-vesa/410753/
"Конфеты с растительн. экстрактами «ХудияГоджи», 100 шт",https://argo.pro/catalog/korrektsiya-vesa/560956/
"5-Гидрокситриптофан 100 мг, капсулы, 60 шт",https://argo.pro/catalog/korrektsiya-vesa/800511/
"Токсидонт-май с бромелайном и папаином, 10 саше по 5 г",https://argo.pro/catalog/korrektsiya-vesa/967881/
"Десерт кедровый «Райский банан»,150 г",https://argo.pro/catalog/korrektsiya-vesa/1012596/
"Продукт белково-витаминный «Кедровая сила - Женская», 237 г",https://argo.pro/catalog/korrektsiya-vesa/1656010/
"Продукт симбиотический «КуЭМсил Фитнесс Годжи», таблетки, 60 шт",https://argo.pro/catalog/korrektsiya-vesa/2067375/
"Галега-Нова форте, капсулы, 90 шт",https://argo.pro/catalog/korrektsiya-vesa/2618016/
"Тиреобиол, капсулы, 60 шт",https://argo.pro/catalog/korrektsiya-vesa/2618018/
"Тонизид, гранулы, 90 г",https://argo.pro/catalog/krovetvorenie/6924/
"Флорента напиток, 200 мл",https://argo.pro/catalog/krovetvorenie/6927/
"Ферропан, капсулы, 20 шт",https://argo.pro/catalog/krovetvorenie/7036/
"Фитолон-КЛ, таблетки, 80 шт",https://argo.pro/catalog/krovetvorenie/7265/
"Сироп с хлорофиллом, 100 мл",https://argo.pro/catalog/krovetvorenie/7267/
"Сироп «Сбитень №10 Ликерный», 250 г/180 мл",https://argo.pro/catalog/krovetvorenie/7805/
"Напиток безалкогольный «Флорента», 500 мл",https://argo.pro/catalog/krovetvorenie/1854235/
"Масло кедровое «Легкость движений»с экстрактом коры ивы, капсулы 100 шт",https://argo.pro/catalog/krovetvorenie/2180297/
"Напиток чайный «Тонизирующий», 60 г",https://argo.pro/catalog/toniziruyushchie/6893/
"Поликавин, гранулы, 110 г",https://argo.pro/catalog/toniziruyushchie/6921/
"Бальзам «Казанова», 100 мл",https://argo.pro/catalog/toniziruyushchie/7024/
"Драже «Арго-пан», 60 г",https://argo.pro/catalog/toniziruyushchie/7026/
"Драже «Пантошка», 80 г",https://argo.pro/catalog/toniziruyushchie/7032/
"Эргопан, капсулы, 30 шт",https://argo.pro/catalog/toniziruyushchie/7037/
"Лептопротект, таблетки, 50 шт",https://argo.pro/catalog/toniziruyushchie/7050/
"Мужской комплекс, коллоидная фитоформула, 235 мл",https://argo.pro/catalog/toniziruyushchie/7063/
"Десерт кедровый «Сливочный шоколад»,150 г",https://argo.pro/catalog/toniziruyushchie/1012597/
"Продукт симбиотический «КуЭМсил Тибетское крыло», таблетки, 60 шт",https://argo.pro/catalog/toniziruyushchie/2067376/
"Напиток чайный «Успокоительный», 60 г",https://argo.pro/catalog/uspokoitelnye/6894/
"Сироп «Сбитень №12 Изумрудный», 250 г/180 мл",https://argo.pro/catalog/uspokoitelnye/6900/
"Аргозид, 120 г",https://argo.pro/catalog/uspokoitelnye/6906/
"Донг Куэй, таблетки, 60 шт",https://argo.pro/catalog/uspokoitelnye/6982/
"Пэшн Флауэр, таблетки, 60 шт",https://argo.pro/catalog/uspokoitelnye/6990/
"Масло кедровое с боярышником, капсулы 100 шт",https://argo.pro/catalog/uspokoitelnye/7017/
"Кардиолептин, таблетки, 50 шт",https://argo.pro/catalog/uspokoitelnye/7048/
"Лептоседин, таблетки, 50 шт",https://argo.pro/catalog/uspokoitelnye/7051/
"Карамель леденцовая «Плантико Кардиолептин», 33 г",https://argo.pro/catalog/uspokoitelnye/7054/
"Кардио Саппорт, коллоидная фитоформула, 235 мл",https://argo.pro/catalog/uspokoitelnye/7062/
"Ментал Комфорт, коллоидная фитоформула, 235 мл",https://argo.pro/catalog/uspokoitelnye/7071/
"Слип Контрол, коллоидная фитоформула, 235 мл",https://argo.pro/catalog/uspokoitelnye/7076/
"Драже детское с калиной «Помогуша», 80 г",https://argo.pro/catalog/uspokoitelnye/7786/
"Токсидонт-май с экстрактами пассифлоры и фитомелатонином, 10 саше по 5 г",https://argo.pro/catalog/uspokoitelnye/968207/
"Аргозид-форте, капсулы, 90 шт",https://argo.pro/catalog/uspokoitelnye/1125593/
"Масло кедровое «Свобода дыхания» с экстрактом душицы, капсулы 100 шт",https://argo.pro/catalog/uspokoitelnye/2180302/
"Комплекс «Антистресс», капсулы, 60 шт",https://argo.pro/catalog/uspokoitelnye/2598543/
"Литовит-Ч, таблетки, 140 г",https://argo.pro/catalog/dykhatelnaya-sistema/6839/
"Бальзам «Сибирячок», 100 мл",https://argo.pro/catalog/dykhatelnaya-sistema/7025/
"Карамель леденцовая «Плантико Лептопротект», 33 г",https://argo.pro/catalog/dykhatelnaya-sistema/7055/
"Концентрат сухой напитка безалкогольного «Инфлю-стоп», 10 пакетов по 10 г",https://argo.pro/catalog/dykhatelnaya-sistema/7671/
"БронхоЛайн, коллоидная фитоформула, 235 мл",https://argo.pro/catalog/dykhatelnaya-sistema/622371/
"Концентрат напитка «Бальзам 20 трав», 150 мл",https://argo.pro/catalog/dykhatelnaya-sistema/800166/
"Таурин, капсулы, 60 шт",https://argo.pro/catalog/dykhatelnaya-sistema/915305/
"Карамель леденцовая «Таежная» для бронхов и легких, мед и облепиха, 32,5 г",https://argo.pro/catalog/dykhatelnaya-sistema/1853997/
"Карамель леденцовая «Таежная» для горла и иммунитета, шалфей, 32,5 г",https://argo.pro/catalog/dykhatelnaya-sistema/1854192/
"Драже профилактическое «Пантошка» с цинком и витамином D3, 80 г",https://argo.pro/catalog/dykhatelnaya-sistema/2123903/
"Живица кедра 12,5% с алтеем, 50 мл",https://argo.pro/catalog/dykhatelnaya-sistema/2179873/
"Живица кедра 12,5% с эвкалиптом, 50 мл",https://argo.pro/catalog/dykhatelnaya-sistema/2180284/
"Сироп обогащенный «Пан-Сибирячок» с цинком, чагой и черной бузиной, 150 мл",https://argo.pro/catalog/dykhatelnaya-sistema/2180313/
"Продукт симбиотический «КуЭМсил L-гистидин цинк заживление», таблетки, 60 шт",https://argo.pro/catalog/dykhatelnaya-sistema/2237886/
Комплекс «SPIRO»,https://argo.pro/catalog/dykhatelnaya-sistema/2407835/
"Рейши-Кан-форте, капсулы, 30 шт",https://argo.pro/catalog/dykhatelnaya-sistema/2408125/
"Спрей для полости рта «Биолизат», 50 мл",https://argo.pro/catalog/dykhatelnaya-sistema/2459861/
"Спрей назальный «Биолизат Актив», 20 мл",https://argo.pro/catalog/dykhatelnaya-sistema/2618027/
"Литовит-Ф, таблетки, 140 г",https://argo.pro/catalog/zheludok-i-kishechnik/6838/
"Литовит-напиток растворимый «Горький коктейль», порошок, 140 г",https://argo.pro/catalog/zheludok-i-kishechnik/6844/
"Сироп «Сбитень №7 Багряный», 250 г/180 мл",https://argo.pro/catalog/zheludok-i-kishechnik/6899/
"Ахиллан, гранулы, 90 г",https://argo.pro/catalog/zheludok-i-kishechnik/6907/
"Молозиво TSN, капсулы, 60 шт",https://argo.pro/catalog/zheludok-i-kishechnik/7006/
"Гастро Комплекс, коллоидная фитоформула, 235 мл",https://argo.pro/catalog/zheludok-i-kishechnik/7477/
"Бальзам «Сибирячок» с фенхелем и укропом, 100 мл",https://argo.pro/catalog/zheludok-i-kishechnik/343699/
"Пектолакт бифидо, пакетики с сухой смесью, 50 г",https://argo.pro/catalog/zheludok-i-kishechnik/354640/
"Комплекс пищеварительных ферментов, таблетки, 60 шт",https://argo.pro/catalog/zheludok-i-kishechnik/563007/
"Магния оксид 400 мг, таблетки, 60 шт",https://argo.pro/catalog/zheludok-i-kishechnik/563014/
"Концентрат масляный «Витапринол», 50 мл",https://argo.pro/catalog/zheludok-i-kishechnik/967626/
"Десерт кедровый «Лесная ягода»,150 г",https://argo.pro/catalog/zheludok-i-kishechnik/1012595/
"Ахиллан-форте, капсулы, 90 шт",https://argo.pro/catalog/zheludok-i-kishechnik/1071597/
"Пробиогум Казей, 100 мл",https://argo.pro/catalog/zheludok-i-kishechnik/1698422/
"Экстракт корня лопуха, 200 мл",https://argo.pro/catalog/zheludok-i-kishechnik/1854245/
"Пробиогум Казей, таблетки, 60 шт",https://argo.pro/catalog/zheludok-i-kishechnik/2067146/
"Продукт симбиотический «КуЭМсил Цзамба», таблетки, 60 шт",https://argo.pro/catalog/zheludok-i-kishechnik/2067380/
"Продукт метабиотический «ЭМ-Курунга», порошок, 3 пак. по 2 г",https://argo.pro/catalog/zheludok-i-kishechnik/2118762/
"Продукт метабиотический «ЭМ-Курунга», таблетки, 30 шт",https://argo.pro/catalog/zheludok-i-kishechnik/2118763/
"Конфеты пробиотические «Курунговит ЖКТ», 60 шт",https://argo.pro/catalog/zheludok-i-kishechnik/2123895/
"Напиток безалкогольный ТМ «Литовит» «ЧагаПлюс», 250 мл",https://argo.pro/catalog/zheludok-i-kishechnik/2180307/
"Продукт симбиотический «КуЭМсил куркумин противовирусный», таблетки, 60 шт",https://argo.pro/catalog/zheludok-i-kishechnik/2237890/
"Липроксол форте, капсулы, 90 шт",https://argo.pro/catalog/zheludok-i-kishechnik/2514247/
"Нутрикон мелкогранулированный, 350 г",https://argo.pro/catalog/zheludok-i-kishechnik/2567862/
"ЭМ-Квас 2 в 1, 100 + 100 мл",https://argo.pro/catalog/zheludok-i-kishechnik/2608769/
"Глюкозамин-Плас, таблетки, 60 шт",https://argo.pro/catalog/kozha-volosy-nogti/6980/
"Масло кедровое с провитамином А, капсулы 100 шт",https://argo.pro/catalog/kozha-volosy-nogti/7010/
"Живица кедра 12,5% с чагой, 50 мл",https://argo.pro/catalog/kozha-volosy-nogti/410757/
"Супер Коллаген, капсулы, 60 шт",https://argo.pro/catalog/kozha-volosy-nogti/2066717/
"Био Коллаген для красоты, напиток, 300 г",https://argo.pro/catalog/kozha-volosy-nogti/2459859/
"Био Коллаген для суставов, напиток, 300 г",https://argo.pro/catalog/kozha-volosy-nogti/2459860/
"Гель с гиалуроновой кислотой, цинком, витаминами Е и D3, 20 стиков по 5 г",https://argo.pro/catalog/kozha-volosy-nogti/2608760/
"Обертывание бандажное «Тонизирующее противоотечное», 3 метра",https://argo.pro/catalog/kozha-volosy-nogti/2645649/
"Литовит-Б, таблетки, 140 г",https://argo.pro/catalog/nervnaya-sistema/6831/
"Гинкго Билоба Плас, таблетки, 60 шт",https://argo.pro/catalog/nervnaya-sistema/6979/
"Готу Кола, капсулы, 60 шт",https://argo.pro/catalog/nervnaya-sistema/6981/
"Каль-ди-Маг, таблетки, 60 шт",https://argo.pro/catalog/nervnaya-sistema/6983/
"Тиро-Вита, капсулы, 60 шт",https://argo.pro/catalog/nervnaya-sistema/6994/
"Омега Ойл, капсулы, 60 шт",https://argo.pro/catalog/nervnaya-sistema/7000/
"Масло кедровое «Долголетие», капсулы 100 шт",https://argo.pro/catalog/nervnaya-sistema/7008/
"Бальзам «Альпийский аромат», 100 мл",https://argo.pro/catalog/nervnaya-sistema/7022/
"Вазолептин, таблетки, 50 шт",https://argo.pro/catalog/nervnaya-sistema/7046/
"Антиоксидант Комплекс, коллоидная фитоформула, 235 мл",https://argo.pro/catalog/nervnaya-sistema/7060/
"Брейн Бустер, коллоидная фитоформула, 235 мл",https://argo.pro/catalog/nervnaya-sistema/7067/
"АнгиОмега Комплекс, коллоидная фитоформула, 235 мл",https://argo.pro/catalog/nervnaya-sistema/7074/
"Драже обогащенное «Ледипан», 60 г",https://argo.pro/catalog/nervnaya-sistema/7623/
"Живица кедра 12,5% с лапчаткой белой, 50 мл",https://argo.pro/catalog/nervnaya-sistema/410754/
"Живица кедра 12,5% с таволгой, 50 мл",https://argo.pro/catalog/nervnaya-sistema/410756/
"Масло «Молодильное», 250 мл",https://argo.pro/catalog/nervnaya-sistema/800182/
"L-Лизин 500 мг, таблетки, 60 шт",https://argo.pro/catalog/nervnaya-sistema/800514/
"Венорм-форте, капсулы, 90 шт",https://argo.pro/catalog/nervnaya-sistema/1125605/
"Продукт симбиотический «КуЭМсил Антистресс», таблетки, 60 шт",https://argo.pro/catalog/nervnaya-sistema/2067373/
"Напиток безалкогольный «НормоНевр», 250 мл",https://argo.pro/catalog/nervnaya-sistema/2294279/
"Флавигран-очанка-форте, капсулы, 30 шт",https://argo.pro/catalog/nervnaya-sistema/2407813/
"Спрей массажный «Биомагний», 200 мл",https://argo.pro/catalog/nervnaya-sistema/2459862/
"Витамин D3 2000 МЕ, 30 мл",https://argo.pro/catalog/nervnaya-sistema/2514237/
"Гинкго Био, капсулы, 60 шт",https://argo.pro/catalog/nervnaya-sistema/2514239/
"Цитрат магния, капсулы, 180 шт",https://argo.pro/catalog/nervnaya-sistema/2514249/
"Астаксантин Био, капсулы, 30 шт",https://argo.pro/catalog/nervnaya-sistema/2608738/
"Эсобел-Арт, капсулы, 90 шт",https://argo.pro/catalog/oporno-dvigatelnaya-sistema/6909/
"Кальций-Биолит, капсулы, 90 шт",https://argo.pro/catalog/oporno-dvigatelnaya-sistema/6943/
"Эсобел с экстрактом сабельника болотного, гранулы, 120 г",https://argo.pro/catalog/oporno-dvigatelnaya-sistema/6975/
"Акулий хрящ, капсулы, 60 шт",https://argo.pro/catalog/oporno-dvigatelnaya-sistema/6976/
"Гортензия TSN, капсулы, 60 шт",https://argo.pro/catalog/oporno-dvigatelnaya-sistema/7003/
"Масло кедровое с калиной, капсулы 100 шт",https://argo.pro/catalog/oporno-dvigatelnaya-sistema/7011/
"Хондролептин, таблетки, 50 шт",https://argo.pro/catalog/oporno-dvigatelnaya-sistema/7057/
"Мумичага 100, таблетки, 100 шт",https://argo.pro/catalog/oporno-dvigatelnaya-sistema/7059/
"Артро Комплекс, коллоидная фитоформула, 235 мл",https://argo.pro/catalog/oporno-dvigatelnaya-sistema/7066/
"Масло «Богатырское», 250 мл",https://argo.pro/catalog/oporno-dvigatelnaya-sistema/800181/
"Глюкозамин Сульфат 750 мг, таблетки, 60 шт",https://argo.pro/catalog/oporno-dvigatelnaya-sistema/2066721/
"Продукт симбиотический «КуЭМсил D3, K2 иммунный», капсулы, 60 шт",https://argo.pro/catalog/oporno-dvigatelnaya-sistema/2237881/
"Токсидонт-май с витамином D3, капсулы, 90 шт",https://argo.pro/catalog/oporno-dvigatelnaya-sistema/2598544/
"Литовит-напиток растворимый «Брусника», порошок, 140 г",https://argo.pro/catalog/pochki-mochevoy-puzyr/6843/
"Простадонт, гранулы, 90 г",https://argo.pro/catalog/pochki-mochevoy-puzyr/6923/
"Уролизин+, 120 г",https://argo.pro/catalog/pochki-mochevoy-puzyr/6925/
"ВАГ, капсулы, 60 шт",https://argo.pro/catalog/pochki-mochevoy-puzyr/6978/
"Проста-вита, капсулы, 60 шт",https://argo.pro/catalog/pochki-mochevoy-puzyr/6989/
"Нефролептин, таблетки, 50 шт",https://argo.pro/catalog/pochki-mochevoy-puzyr/7052/
"Провитам, таблетки, 80 шт",https://argo.pro/catalog/pochki-mochevoy-puzyr/343169/
"Конфеты с растительными экстрактами «АргоMeN», 100 шт",https://argo.pro/catalog/pochki-mochevoy-puzyr/560954/
"Литовит-К, таблетки, 140 г",https://argo.pro/catalog/reproduktivnaya/6832/
"L-Аргинин TSN, капсулы, 60 шт",https://argo.pro/catalog/reproduktivnaya/7002/
"Женский Комплекс, коллоидная фитоформула, 235 мл",https://argo.pro/catalog/reproduktivnaya/7064/
"Конфеты с растительными экстрактами «Аргофемин», 100 шт",https://argo.pro/catalog/reproduktivnaya/343700/
"Цинк 15 мг, таблетки, 60 шт",https://argo.pro/catalog/reproduktivnaya/800521/
"Цитрат цинка с растительными экстрактами, капсулы, 60 шт",https://argo.pro/catalog/reproduktivnaya/2514251/
"Климатон форте с дудником китайским, капсулы, 60 шт",https://argo.pro/catalog/reproduktivnaya/2567851/
"Поликавин-форте, капсулы, 60 шт",https://argo.pro/catalog/reproduktivnaya/2608763/
"Марикад, капсулы, 90 шт",https://argo.pro/catalog/serdtse/6905/
"Венорм, гранулы, 120 г",https://argo.pro/catalog/serdtse/6910/
"Климатон плюс, гранулы, 90 г",https://argo.pro/catalog/serdtse/6914/
"Климатон, гранулы, 90 г",https://argo.pro/catalog/serdtse/6915/
"Рейши-Кан, гранулы, 100 г",https://argo.pro/catalog/serdtse/6940/
"Реотон Комплекс, коллоидная фитоформула, 235 мл",https://argo.pro/catalog/serdtse/7480/
"Концентрат сухой напитка безалкогольного «Варико-cтоп», 20 пакетов по 10 г",https://argo.pro/catalog/serdtse/7670/
"Коэнзим Q10 100 мг, капсулы, 60 шт",https://argo.pro/catalog/serdtse/563009/
"Концентрат белково-молочный «Нормолит-PRO», 150 г",https://argo.pro/catalog/serdtse/861045/
"Крем-суп «Камчатский» с горбушей и треской, 30 г",https://argo.pro/catalog/serdtse/1698685/
"Адиабетон, капсулы, 100 шт",https://argo.pro/catalog/endokrinnaya/7856/
"Батончик «Успех» облепиховый, 45 г",https://argo.pro/catalog/kletchatka-/860787/
"Конфеты пробиотические «Курунговит», 60 шт",https://argo.pro/catalog/poleznoe-pitanie/2123898/
"Конфеты пробиотические «Курунговит-С», 60 шт",https://argo.pro/catalog/poleznoe-pitanie/2123901/
"Полустельки супинированные, размер 36–38",https://argo.pro/catalog/fizioterapiya-na-domu/7290/
"Полустельки супинированные, размер 40–42",https://argo.pro/catalog/fizioterapiya-na-domu/7291/
"Полустельки супинированные, размер 43–45",https://argo.pro/catalog/fizioterapiya-na-domu/7292/
"Полустельки супинированные, размер 39",https://argo.pro/catalog/fizioterapiya-na-domu/7293/
Пленка «Полимедэл»,https://argo.pro/catalog/fizioterapiya-na-domu/7294/
"Аппликатор Ляпко «Малыш» (шаг игл 3,5 мм; размер 36 х 84 мм)",https://argo.pro/catalog/fizioterapiya-na-domu/7497/
"Аппликатор Ляпко «Ромашка» (шаг игл 5,0 мм; D = 314 мм)",https://argo.pro/catalog/fizioterapiya-na-domu/7498/
"Аппликатор Ляпко «Двойной» (шаг игл 5,8 мм; размер 105 х 460 мм)",https://argo.pro/catalog/fizioterapiya-na-domu/7499/
"Аппликатор Ляпко «Одинарный» (шаг игл 5,8 мм; размер 105 х 230 мм)",https://argo.pro/catalog/fizioterapiya-na-domu/7500/
"Аппликатор Ляпко «Спутник» (шаг игл 5,8 мм; размер 52 х 180 мм)",https://argo.pro/catalog/fizioterapiya-na-domu/7501/
"Аппликатор Ляпко «Двойной» (шаг игл 6,2 мм; размер 105 х 460 мм)",https://argo.pro/catalog/fizioterapiya-na-domu/7502/
"Аппликатор Ляпко «Коврик» (шаг игл 6,8 мм; размер 248 х 462 мм)",https://argo.pro/catalog/fizioterapiya-na-domu/7503/
"Аппликатор Ляпко «Одинарный» (шаг игл 6,2 мм; размер 105 х 230 мм)",https://argo.pro/catalog/fizioterapiya-na-domu/7504/
"Аппликатор Ляпко «Спутник» (шаг игл 6,2 мм; размер 60 х 180 мм)",https://argo.pro/catalog/fizioterapiya-na-domu/7505/
"Аппликатор Ляпко «Валик Лицевой» (шаг игл 3,5 мм; D = 51 мм; ш = 40 мм)",https://argo.pro/catalog/fizioterapiya-na-domu/7506/
"Аппликатор Ляпко «Валик Универсальный» (шаг игл 3,5 мм; D = 51 мм; ш = 72 мм)",https://argo.pro/catalog/fizioterapiya-na-domu/7507/
"Аппликатор Ляпко «Валик Большой» (шаг игл 5,0 мм; D = 61 мм; ш = 111 мм)",https://argo.pro/catalog/fizioterapiya-na-domu/7508/
"Аппликатор Ляпко «Пояс Спутник» (шаг игл 5,8 мм; 6 пластин по 50 х 182 мм; 4 пояса)",https://argo.pro/catalog/fizioterapiya-na-domu/7509/
Массажер «Фараон-М плюс»,https://argo.pro/catalog/fizioterapiya-na-domu/7510/
"Аппликатор Ляпко «Стелька игольчатая», размер 40-43, 2 шт",https://argo.pro/catalog/fizioterapiya-na-domu/7511/
"Аппликатор Ляпко «Стелька игольчатая», размер 37-40, 2 шт",https://argo.pro/catalog/fizioterapiya-na-domu/7512/
"Аппликатор Ляпко «Стелька игольчатая», размер 43-46, 2 шт",https://argo.pro/catalog/fizioterapiya-na-domu/7513/
"Аппликатор Ляпко «Коврик малый» (шаг игл 6,0 мм; размер 237 х 137 мм)",https://argo.pro/catalog/fizioterapiya-na-domu/7789/
"Аппликатор Ляпко «Пояс Универсальный» (шаг игл 4,3 мм; 3 сегмента)",https://argo.pro/catalog/fizioterapiya-na-domu/7790/
Cиденье-тренажер «Спина ОК» (эконом),https://argo.pro/catalog/fizioterapiya-na-domu/393230/
"Чехол для пленки «Полимедэл» большой, 1 шт",https://argo.pro/catalog/fizioterapiya-na-domu/418625/
"Чехол для пленки «Полимедэл» малый, 2 шт",https://argo.pro/catalog/fizioterapiya-na-domu/418626/
"Аппликатор Ляпко «Мячик игольчатый плюс» (шаг игл 4,0 мм)",https://argo.pro/catalog/fizioterapiya-na-domu/860777/
"Аппликатор Ляпко «Коврик малый силикон» (шаг игл 6,0 мм; размер 237 х 137 мм)",https://argo.pro/catalog/fizioterapiya-na-domu/1706254/
"Крем от комаров и мошек «Акомарин», 50 мл",https://argo.pro/catalog/poleznye-narujnie-sredstva/2407834/
"Крем антиварикозный «Венорм», 50 мл",https://argo.pro/catalog/antivarikoznye/6950/
"Крем-бальзам «Донна», 50 мл",https://argo.pro/catalog/antivarikoznye/7124/
"Гель рассасывающий «Мамавит», 50 мл",https://argo.pro/catalog/borba-s-dobrokachestvennymi-novoobrazovaniyami/6948/
"Бальзам «Чистотел», 20 мл",https://argo.pro/catalog/borba-s-dobrokachestvennymi-novoobrazovaniyami/6974/
"Крем-лубрикант «Витапринол», свечи, 10 шт",https://argo.pro/catalog/borba-s-dobrokachestvennymi-novoobrazovaniyami/7903/
"Гель по уходу за кожей груди «Мамапренол», 50 мл",https://argo.pro/catalog/borba-s-dobrokachestvennymi-novoobrazovaniyami/418402/
"Масло ""Эплир"", 2% экстракт, 30 мл",https://argo.pro/catalog/borba-s-dobrokachestvennymi-novoobrazovaniyami/1125615/
"Гель для интимной гигиены «Блаженство», 20 мл",https://argo.pro/catalog/dlya-intimnykh-zon/6961/
"Пенка для интимного ухода, 200 мл",https://argo.pro/catalog/dlya-intimnykh-zon/7098/
"Эмульсия «Рициниол Интим», 15 мл",https://argo.pro/catalog/dlya-intimnykh-zon/7153/
"Мыло туалетное глицериновое «Фитолон», 70 г",https://argo.pro/catalog/dlya-intimnykh-zon/7278/
"Пудра-сорбент «Кия», 20 г",https://argo.pro/catalog/dlya-intimnykh-zon/7913/
"Гель увлажняющий для интимной гигиены «Femintim», 50 мл",https://argo.pro/catalog/dlya-intimnykh-zon/2066715/
"Гель «АргоВасна Орех», 25 г",https://argo.pro/catalog/dlya-ukrepleniya-stenok-sosudov/7170/
"Гель «АргоВасна Орех», 50 мл",https://argo.pro/catalog/dlya-ukrepleniya-stenok-sosudov/7630/
"Средство косметическое для ванн с экстрактом листьев березы «Бетулан», 200 г",https://argo.pro/catalog/dlya-ukrepleniya-stenok-sosudov/2598550/
"Соль для ванн «Эсобел», гранулы, 50 г",https://argo.pro/catalog/poleznye-vanny/6959/
"Пена для ванн с ph 5,5 «Аргоша», 300 мл",https://argo.pro/catalog/poleznye-vanny/7110/
"Экстракт Пробиогум для ванн «Противовоспалительный», 250 мл",https://argo.pro/catalog/poleznye-vanny/2067153/
"Смесь бурлящая для ванн «ВитаЭМ», 100 г",https://argo.pro/catalog/poleznye-vanny/2608758/
"Гель против ушибов «Арктика», 30 мл",https://argo.pro/catalog/pri-travmakh-i-ozhogakh/6947/
"Масло «Эплир», 1% экстракт, 10 мл",https://argo.pro/catalog/pri-travmakh-i-ozhogakh/6960/
"Крем-бальзам пихтовый «Артро-Хвоя», 50 мл",https://argo.pro/catalog/pri-travmakh-i-ozhogakh/7129/
"Крем-бальзам пихтовый «Целитель», 50 мл",https://argo.pro/catalog/pri-travmakh-i-ozhogakh/7130/
"Крем-бальзам пихтовый «Таежный», 50 мл",https://argo.pro/catalog/pri-travmakh-i-ozhogakh/7132/
"Эмульсия «Рициниол Шалфейный», 30 мл",https://argo.pro/catalog/pri-travmakh-i-ozhogakh/7147/
"Эмульсия «Рициниол Базовый», 30 мл",https://argo.pro/catalog/pri-travmakh-i-ozhogakh/7148/
"Эмульсия «Рициниол Шалфейный», 15 мл",https://argo.pro/catalog/pri-travmakh-i-ozhogakh/7150/
"Эмульсия «Рициниол Базовый», 15 мл",https://argo.pro/catalog/pri-travmakh-i-ozhogakh/7151/
"Эмульсия «Рициниол Базовый», 60 мл",https://argo.pro/catalog/pri-travmakh-i-ozhogakh/7162/
"Эмульсия «Рициниол Шалфейный», 60 мл",https://argo.pro/catalog/pri-travmakh-i-ozhogakh/7163/
"Гель «АргоВасна», 25 г",https://argo.pro/catalog/pri-travmakh-i-ozhogakh/7168/
"Гель «АргоВасна», 50 мл",https://argo.pro/catalog/pri-travmakh-i-ozhogakh/7518/
"Салфетки антисептические стерильные «Эплан от 100 ран», 1 шт",https://argo.pro/catalog/pri-travmakh-i-ozhogakh/7819/
"Крем противовоспалительный «Флорента», 30 мл",https://argo.pro/catalog/pri-travmakh-i-ozhogakh/360226/
"Крем антиаллергический «Солхинол», 30 мл",https://argo.pro/catalog/protivoallergicheskie/6949/
"Крем противопсориазный «Пикладол», 30 мл",https://argo.pro/catalog/protivoallergicheskie/6952/
"Эмульсия гигиеническая «Малышок», 15 мл",https://argo.pro/catalog/protivoallergicheskie/7627/
"Крем противогрибковый «Микодонт», 30 мл",https://argo.pro/catalog/protivovospalitelnye/6951/
"Пенка для умывания ласковая «Аргоша», 200 мл",https://argo.pro/catalog/protivovospalitelnye/7111/
"Эмульсия «Рициниол Укропный», 15 мл",https://argo.pro/catalog/protivovospalitelnye/7156/
"Эмульсия «Рициниол Камертон», 15 мл",https://argo.pro/catalog/protivovospalitelnye/7158/
"Гель «АргоВасна Календула», 25 г",https://argo.pro/catalog/protivovospalitelnye/7169/
"Гель «АргоВасна Прополис», 25 г",https://argo.pro/catalog/protivovospalitelnye/7171/
"Гель «АргоВасна Календула», 50 мл",https://argo.pro/catalog/protivovospalitelnye/7629/
"Продукт метабиотический «ЭМ-Курунга», спрей, 30 мл",https://argo.pro/catalog/protivovospalitelnye/2118765/
"Гель «АргоВасна Сирень», 25 г",https://argo.pro/catalog/protivovospalitelnye-massazhnye-sredstva/7172/
"Гель «АргоВасна Сирень», 50 мл",https://argo.pro/catalog/protivovospalitelnye-massazhnye-sredstva/7632/
"Крем-бальзам пихтовый «Массажный» с разогревающим эффектом, 50 мл",https://argo.pro/catalog/protivovospalitelnye-massazhnye-sredstva/968215/
"Мыло туалетное «ВитаЭМ», 90 г",https://argo.pro/catalog/mylo/2608756/
"Шампунь балансирующий «3 в 1», 250 мл",https://argo.pro/catalog/sredstva-dlya-volos/7102/
"Шампунь без слез с ромашкой «Аргоша», 200 мл",https://argo.pro/catalog/sredstva-dlya-volos/7112/
"Шампунь интенсивное увлажнение, блеск и объем «AQUA BALANCE», 250 мл",https://argo.pro/catalog/sredstva-dlya-volos/343172/
"Шампунь «Дегтярный», 250 мл",https://argo.pro/catalog/sredstva-dlya-volos/362963/
"Шампунь Рициниоловый «Нежный», 200 мл",https://argo.pro/catalog/sredstva-dlya-volos/1910503/
"Шампунь твердый «ВитаЭМ», 50 г",https://argo.pro/catalog/sredstva-dlya-volos/2608759/
"Средство по уходу за полостью рта «АргоДент», 200 мл",https://argo.pro/catalog/sredstva-po-ukhodu-za-polostyu-rta/7494/
"Паста зубная «Аргодент Море», 75 мл",https://argo.pro/catalog/sredstva-po-ukhodu-za-polostyu-rta/7495/
"Паста зубная «Аргодент Хвоя», 75 мл",https://argo.pro/catalog/sredstva-po-ukhodu-za-polostyu-rta/7496/
"Паста зубная «Аргодент с экстрактом периллы», 75 мл",https://argo.pro/catalog/sredstva-po-ukhodu-za-polostyu-rta/7683/
"Порошок зубной «ДентаЭМ белый уголь», 60 г",https://argo.pro/catalog/sredstva-po-ukhodu-za-polostyu-rta/622352/
"Порошок зубной «ДентаЭМ имбирь», 60 г",https://argo.pro/catalog/sredstva-po-ukhodu-za-polostyu-rta/622353/
"Порошок зубной «ДентаЭМ прополис», 60 г",https://argo.pro/catalog/sredstva-po-ukhodu-za-polostyu-rta/622354/
Щетка зубная «ДентаЭМ»,https://argo.pro/catalog/sredstva-po-ukhodu-za-polostyu-rta/622355/
"Эликсир зубной «Альфион» с экстрактом ламинарии, осиновой коры и хлорофиллом, 50 мл",https://argo.pro/catalog/sredstva-po-ukhodu-za-polostyu-rta/1071610/
"Концентрат минеральный кормовой «Цеолит природный», 1000 г",https://argo.pro/catalog/produkty-dlya-zhivotnykh/6877/
"Биодезодорант бытовой «Эмикс-О», концентрат 50 мл",https://argo.pro/catalog/produkty-dlya-zhivotnykh/7255/
"Подкормка для растений сухая «Эмикс», 150 г",https://argo.pro/catalog/produkty-dlya-zhivotnykh/360218/
"Гель для стирки в автоматической стиральной машине «Марго», 500 г",https://argo.pro/catalog/bytovaya-khimiya/7139/
"Средство для мытья посуды «Марго», помпа, 250 мл",https://argo.pro/catalog/bytovaya-khimiya/7144/
"Концентрат «ЛОКС-эко», 250 мл",https://argo.pro/catalog/bytovaya-khimiya/7281/
"Средство для мытья посуды «Марго», без помпы, 250 мл",https://argo.pro/catalog/bytovaya-khimiya/678416/
"Лосьон-спрей от комаров и мошек «Акомарин», 150 мл",https://argo.pro/catalog/bytovaya-khimiya/678421/
Картридж для фильтра-кувшина «Водолей» турмалиновый,https://argo.pro/catalog/zdorovyy-byt/2352453/
"Минерализатор воды природный «Шунгито-минеральный комплекс», 180 г",https://argo.pro/catalog/zdorovyy-byt/2618033/
"Биоудобрение «Байкал ЭМ-1», концентрат, 40 мл",https://argo.pro/catalog/sad-dacha-ogorod/7242/
"Среда питательная «ЭМ-патока», 100 мл",https://argo.pro/catalog/sad-dacha-ogorod/7243/
"Концентрат биопрепарата «Тамир», 40 мл",https://argo.pro/catalog/sad-dacha-ogorod/7246/
ЭМ-пластина,https://argo.pro/catalog/sad-dacha-ogorod/7248/
"ЭМ-контейнер, 3 шт",https://argo.pro/catalog/sad-dacha-ogorod/7253/
"Удобрение органическое для подкормки и защиты растений от вредителей «Слокс-эко», 500 мл",https://argo.pro/catalog/sad-dacha-ogorod/7285/
"Удобрение органическое для укрепления корневой системы «Слокс-эко», 500 мл",https://argo.pro/catalog/sad-dacha-ogorod/7286/
"Удобрение органическое для комплексной подкормки растений «Слокс-эко», 500 мл",https://argo.pro/catalog/sad-dacha-ogorod/7287/
"Слокс-эко для растений, 250 мл",https://argo.pro/catalog/sad-dacha-ogorod/7288/
"Стимулятор роста растений хитозановый «Слокс-эко», 5 мл",https://argo.pro/catalog/sad-dacha-ogorod/7289/
"Удобрение минеральное «ГУМАТЭМ» для корневой и внекорневой подкормки, 250 мл",https://argo.pro/catalog/sad-dacha-ogorod/7960/
"Удобрение минеральное «ГУМАТЭМ» универсальное, 250 мл",https://argo.pro/catalog/sad-dacha-ogorod/7962/
"Удобрение минеральное «ГУМАТЭМ» для защиты растений, 250 мл",https://argo.pro/catalog/sad-dacha-ogorod/8056/
"Удобрение минеральное «Эмикс», 50 мл",https://argo.pro/catalog/sad-dacha-ogorod/392583/
"Биоудобрение «Байкал ЭМ-1», концентрат 2 в 1",https://argo.pro/catalog/sad-dacha-ogorod/861066/
"Удобрение микробиологическое «Ургаса», 200 г",https://argo.pro/catalog/sad-dacha-ogorod/1706256/
"Удобрение микробиологическое Эмикс «ШунгитЭМ», 250 мл",https://argo.pro/catalog/sad-dacha-ogorod/2118767/
"Масло-бальзам для волос, 50 мл",https://argo.pro/catalog/dlya-volos/6944/
"Спрей с экстрактом Царского дерева для укладки волос, 150 мл",https://argo.pro/catalog/dlya-volos/7270/
"Сыворотка с экстрактом царского дерева для укрепления и восстановления волос, 100 мл",https://argo.pro/catalog/dlya-volos/7277/
"Маска против выпадения волос «Медовый пудинг», 200 г",https://argo.pro/catalog/dlya-volos/7912/
"Концентрат для волос «Гиалурон», увлажнение и восстановление, 200 мл",https://argo.pro/catalog/dlya-volos/1804676/
"Концентрат для стимуляции роста волос с красным женьшенем, 200 мл",https://argo.pro/catalog/dlya-volos/1804677/
"Концентрат от перхоти и зуда кожи головы с пиритионом цинка, 200 мл",https://argo.pro/catalog/dlya-volos/1804678/
"Маска-бальзам с экстрактом корней лопуха, 250 мл",https://argo.pro/catalog/dlya-volos/2598548/
"Маска-бальзам с экстрактом листьев крапивы, 250 мл",https://argo.pro/catalog/dlya-volos/2598549/
"Шампунь-концентрат с экстрактом листьев крапивы, 250 мл",https://argo.pro/catalog/dlya-volos/2598552/
"Офтальмолептин, таблетки, 50 шт",https://argo.pro/catalog/zritelnaya/7056/
"Визио Комплекс, коллоидная фитоформула, 235 мл",https://argo.pro/catalog/zritelnaya/7072/
"Средство косметическое для глаз «Кия» Pro.Зрение, 10 мл",https://argo.pro/catalog/zritelnaya/2514254/
"Сироп «Сбитень №24 Молочный», 250 г/180 мл",https://argo.pro/catalog/immunnaya/6901/
"Сироп «Сбитень №21 Винный», 250 г/180 мл",https://argo.pro/catalog/immunnaya/6903/
"Эхинацея Нутрикеа, капсулы, 60 шт",https://argo.pro/catalog/immunnaya/6996/
"Напиток чайный «Иммунный», 40 г",https://argo.pro/catalog/immunnaya/622366/
"Токсидонт-май с экстрактом байкальского шлемника, капсулы, 90 шт",https://argo.pro/catalog/immunnaya/2237892/
"Иммуно Био, капсулы, 60 шт",https://argo.pro/catalog/immunnaya/2514246/
"Витасел плюс, 90 г",https://argo.pro/catalog/immunnaya/2598541/
Фильтр «АРГО»,https://argo.pro/catalog/zashchita-ot-tekhnogennykh-vozdeystviy/7208/
Фильтр «АРГО-К»,https://argo.pro/catalog/zashchita-ot-tekhnogennykh-vozdeystviy/7209/
Фильтр «АРГО-МК»,https://argo.pro/catalog/zashchita-ot-tekhnogennykh-vozdeystviy/7211/
Фильтр-кувшин «Водолей»,https://argo.pro/catalog/zashchita-ot-tekhnogennykh-vozdeystviy/7218/
Фильтр под мойку «Водолей-БКП»,https://argo.pro/catalog/zashchita-ot-tekhnogennykh-vozdeystviy/7224/
Фильтр «Водолей» Премиум,https://argo.pro/catalog/zashchita-ot-tekhnogennykh-vozdeystviy/7636/
Комплект запасной для фильтра «АРГО»,https://argo.pro/catalog/chistaya-voda/7215/
Картридж для фильтра-кувшина «Водолей» угольно-цеолитовый,https://argo.pro/catalog/chistaya-voda/7219/
Картридж для фильтра-кувшина «Водолей» шунгитовый,https://argo.pro/catalog/chistaya-voda/7220/
Картридж для фильтра-кувшина «Водолей» умягчающий,https://argo.pro/catalog/chistaya-voda/7221/
"Картридж для фильтров «АРГО-К», «АРГО-МК» и «Водолей Премиум» шунгитовый",https://argo.pro/catalog/chistaya-voda/7222/
"Картридж для фильтров «АРГО-К», «АРГО-МК» и «Водолей ПРЕМИУМ» умягчающий",https://argo.pro/catalog/chistaya-voda/7223/
Картридж для фильтра под мойку «Водолей-БКП» полипропиленовый,https://argo.pro/catalog/chistaya-voda/7225/
Картридж для фильтра под мойку «Водолей-БКП» угольный,https://argo.pro/catalog/chistaya-voda/7226/
Картридж для фильтра под мойку «Водолей-БКП» умягчающий,https://argo.pro/catalog/chistaya-voda/7227/
Картридж для фильтра под мойку «Водолей-БКП» цеолитовый,https://argo.pro/catalog/chistaya-voda/7228/
Картридж для фильтра под мойку «Водолей-БКП» шунгитовый,https://argo.pro/catalog/chistaya-voda/7229/
"Минерализатор воды природный «Кремень», 60 г",https://argo.pro/catalog/chistaya-voda/7926/
Картридж для фильтра под мойку «Водолей-БКП» обезжелезивающий,https://argo.pro/catalog/chistaya-voda/360224/
"Комплект картриджей фильтра для душа «Водолей», 3 шт",https://argo.pro/catalog/chistaya-voda/407686/
"Картридж для фильтров «АРГО-К», «АРГО-МК», «Водолей» ПРЕМИУМ угольно-цеолитовый",https://argo.pro/catalog/chistaya-voda/636266/
Картридж для фильтра-кувшина «Водолей» кварцевый,https://argo.pro/catalog/chistaya-voda/751932/
"Картридж для фильтров «АРГО-К», «АРГО-МК», «Водолей» ПРЕМИУМ кварцевый",https://argo.pro/catalog/chistaya-voda/751934/
Воронка насадки,https://argo.pro/catalog/chistaya-voda/2618046/
Гайка насадки,https://argo.pro/catalog/chistaya-voda/2618047/
Озонатор бытовой «Гроза»,https://argo.pro/catalog/chistyy-vozdukh/7146/
ЭМ-доска (подставка вкуса),https://argo.pro/catalog/chistyy-dom/7254/
ЭМ-салфетка универсальная,https://argo.pro/catalog/chistyy-dom/1854227/
Бр. Полимедел - обыкновенное чудо,https://argo.pro/catalog/informatsionnye-materialy/7877/
"Буклет Гель антивирусный с наносеребром ""Жидкие перчатки""",https://argo.pro/catalog/informatsionnye-materialy/2140642/
"Крем тональный 01 светло-бежевый, 30 мл",https://argo.pro/catalog/dlya-litsa/7115/
Онлайн курс «Эксперт-ЗОЖ»,https://argo.pro/catalog/online/2081177/
Прайс-лист компании АРГО,https://argo.pro/catalog/books/7318/
Бр. Литовит,https://argo.pro/catalog/books/7320/
Кн. Нутрикон,https://argo.pro/catalog/books/7326/
Бр. Аппликатор Ляпко,https://argo.pro/catalog/books/7335/
Бр. Стелька тренажер,https://argo.pro/catalog/books/7342/
Бр. Лесмин,https://argo.pro/catalog/books/7343/
Бр. Фитолон-Кламин,https://argo.pro/catalog/books/7344/
Бр. Хвойный дар,https://argo.pro/catalog/books/7371/
Бр. Флорента - универсальный доктор,https://argo.pro/catalog/books/7376/
Рициниолы. Самоучитель,https://argo.pro/catalog/books/7436/
Бр. Путеводитель по продукции,https://argo.pro/catalog/books/7667/
Бук. Оптисорб,https://argo.pro/catalog/books/7798/
Бр. Литовит. Актуальность и незаменимость,https://argo.pro/catalog/books/751949/
Карта участника АРГО,https://argo.pro/catalog/books/861072/
Каталог продукции Дэльфа,https://argo.pro/catalog/books/1012593/
Листовка Эплан от 100 ран,https://argo.pro/catalog/books/1125626/
Брошюра Природная аптека Сибири от А до Я,https://argo.pro/catalog/books/1613265/
Лифлет Спина ОК,https://argo.pro/catalog/books/1804675/
Рекомендации по применению продукции НИИЛОПиНТ,https://argo.pro/catalog/books/1838380/
Листовка ВИП,https://argo.pro/catalog/books/1910500/
Комплект газет БиолитИнфо,https://argo.pro/catalog/books/1963003/
Соглашение участника АРГО,https://argo.pro/catalog/books/2615047/
Пакет АРГО фирм. (маечка),https://argo.pro/catalog/souvenirs/7411/
Скотч АРГО,https://argo.pro/catalog/souvenirs/7412/
Ручка АРГО,https://argo.pro/catalog/souvenirs/7413/
Пакет АРГО (зел),https://argo.pro/catalog/souvenirs/1838383/
Флешка АРГО,https://argo.pro/catalog/souvenirs/2459873/
Экоручка АРГО,https://argo.pro/catalog/souvenirs/2459874/
Кружка АРГО,https://argo.pro/catalog/souvenirs/2460185/
Сумка для покупок АРГО,https://argo.pro/catalog/souvenirs/2460186/
Значок «Руководитель»,https://argo.pro/catalog/souvenirs/2514258/
Флаг АРГО 135х95,https://argo.pro/catalog/souvenirs/2514264/
"Пакет ""За сбережение народа""",https://argo.pro/catalog/ood/7458/
Значок «За сбережение народа»,https://argo.pro/catalog/ood/2459877/
Бандана ООД,https://argo.pro/catalog/ood/2514267/
Экоручка «За сбережение народа»,https://argo.pro/catalog/sbernarod/2459875/
"Крем «AfalinaBeauty Fluid» с пептидами, 50 мл",https://argo.pro/catalog/women/2408128/
