City,Address,Payment_method,Phone,Email
Новороссийск,"пр.Дзержинского, д. 183",,т. +79952241686,novargo7@mail.ru
Новосибирск,"Новосибрск, Красный пр-кт, 184, М Заельцовская",,383-236-40-45,
Новосибирск,"ул. Рассветная, д.17",,282-15-00,lov84@mail.ru
Новосибирск,"ул. Котовского, д. 15, оф. 31",,"353-95-96, 353-95-93",ilana1057201@yandex.ru
Новосибирск,"ул. Демакова, д. 2, каб. 219/А",,8-906-906-3013,
Новосибирск,"ул. К. Маркса, д. 47\1, оф. 4",,"344-51-21, 344-54-40",alferovne1@mail.ru
Новосибирск,"ул. Терешковой, д.40",,,obilny@gmail.com
Новосибирск,"Метро ""Золотая Нива"",Ул.Бориса Богаткова , д.210/1, оф.514, БЦ ""Голден Филд"" 5эт",,"8-913-720-52-52, 8-906-995-3333",argo-zn@mail.ru
Новосибирск,"ул. Лермонтова, д. 45",,201-56-86,istra_argo@mail.ru
Новосибирск,"ул. Восход, д. 1А, оф.101""а""в""",,264-38-37; 213-30-99,argovoshod@rambler.ru
Новосибирск,"Морской пр-т, д.44, 2й подъезд",,330-60-20,psa_argo@ngs.ru
Абакан,ул. Чертыгашева д.102,,(3902) 238-058,m.mareev1976@gmail.com
Актау,"Мик. - 6, д.40, оф.4",,8 (7292) 21 13 87         (7292) 21 15 87,argoaktau@mail.ru
Алматы,"пр-т Абая, д.107, уг. ул. Байзакова,",,8(727) - 392 17 92 : 8(727) - 392 14 65,"argo.almata.abaya107@mail,ru"
Алматы,"ул. Жобек Жолы, д.50,уг. ул, Зенкова,БЦ""Квартал"" оф305",,273-16-62,zasedatel_galina@mail.ru
Алматы,"ул. Гоголя, д. 201, оф 410",,37-87-477,argo-kz@mail.ru
Алматы,"ул.Абая 157а, уг.ул. Розыбакива",,328-77-16; 266-28-73; 266-28-74,kaprikorno@mail.ru
Алматы,"ул. Мате-Залки, 76Д  оф. 232",,"327-82-09,    247-75-05",veronika_argo@mail.ru
Альметьевск,"ул. Гафиатуллина, д. 17",,"353-911, 222-940, 8(953) 405 - 45 - 77",anvar196704@rambler.ru
Анапа,"ул. Объездная, д. 39/1, оф. 10",,8-988-344-46-32,prima-yula@mail.ru
Артемовский,"ул. Энергетиков 6,оф.3",,8-912-217-2231,miss.eltoshkina@yandex.ru
Астана,"ул. Московская, д. 38\А   ВП-12",,8 717 2 53-95-57,sonig57@mail.ru
Астана,"ул. Бейбетшилик (бывшая Мира), д. 40/1, ТД ""ДЭН"" 3 этаж, к. 303",,47-85-11,e-rom@mail.ru
Астрахань,"ул. Анатолия Сергеева, д. 7, оф. 4",,52-38-04,tinka_m@mail.ru
Атырау,"Привокзальный, Арбат , мкр.- 5, д. 29",,+7 747 605 36 50 (whatsApp),argoatyrau2014@mail.ru
Ашхабад,"ул. Б-Аннананова, д. 31, кор. 1, к. 28",,243-82-28,tihonova_nv28@mail.ru
Бавлы,"Бавлы,пл.Октября,д.4 ,офис №1",,89372943787,088933@mail.ru
Балабаново,"ул. Южная, дом 2Б, офис 1",,+7 953 325 78 30,argo.balabanovo@mail.ru
Барнаул,"Пр. Красноармейский, д.72, 1 этаж",,3852-250-244,rassoha.ne@yandex.ru
Барнаул,г. Барнаул ул. Попова 139 офис 9,,8(3852)229097,flagmanargo@mail.ru
Барнаул,"пр-т Строителей 16 (КДМ), оф.301",,8 (3852) 56-76-12,center.of.hp@gmail.com
Барнаул,"ул. А. Петрова, 264, строение 1, 2 эт.",,8 385 253 31 56,evgenia6868@mail.ru
Барнаул,"ул. Попова, д. 43, к. 18",,49-55-43,bezrukih@mail.ru
Барнаул,"пр-т Ленина, д.103 А оф 28 этаж 2",,61-29-19,argoofis370@bk.ru
Барнаул,"Ул. Малахова 81а, 2 эт. к. 201",,"69-10-58, 44-20-84",svet_barnaul@mail.ru
Белефельд,"Германия, Leiblstr. 21, 33615 Bielefeld",,+49 521 96 30 20 20,ninakst@mail.ru
Бердск,"ул. Ленина, д. 89\1, к. 202",,8-383-41-537-21,limb8@mail.ru
Бийск,ул. Ленинградская д. 93 оф 15,,44-39-55,accemargo@mail.ru
Биробиджан,"г.Биробиджан,ул.Миллера, д.8,оф.205, ИЦ АРГО",,924-742-0157,shalomargo@yandex.ru
Бишкек,ул. Суюмбаева 146 кв.2,,+996 700 87 83 85,roshel77@mail.ru
Бишкек,"ул.Токтоналиева,д.7,",,810-996312565848,bosenko.argo50@mail.ru
Благовещенск,"пер. Св. Иннокентия, д. 13, каб. 106",,8 (4162) 52-75-79,irinap-argo@yandex.ru
Брест,"Брест, бульвар Космонавтов 120, к. 109",,10-375-29-915-50-52,arinfo@bk.ru
Брест,ул. Дзержинского д.50 офис.9,,,argoforever@mail.ru
Брест,"г Брест,ул.Дзержинского 50,оф.9",,+375-297233410,argo_leonid_brest@tut.by
Брест,"г Брест,ул.Дзержинского, 50, оф 9",,+375292214152,argo_leonid_brest@tut.by
Брянск,"пр.Московский, д. 85/А",,717440; 8 905 104 3117,evgenijsizykh@yandex.ru
Брянск,"ул. Институтская д. 15 ГПИ Бизнес-Центр, корпус 3, офис 123. (первый этаж, вход со стороны БГТУ)",,4832-56-34-37,kravcov-a@yandex.ru
Бугульма,ул. Джалиля д.4,,8-999-169-58-91,argo777773@mail.ru
Буйнакск,"Имама Шамиля, д.33",,8-906-449-1001,zumrad_ismailova@mail.ru
Владивосток,"ул.Капитана Шефнера, 2, офис 404",,8(902)557-48-62,pfstandart2013@mail.ru
Владикавказ,"ул.Революции, д.44",,8 (8672) 40-43-18,argonic@mail.ru
Владимир,"ул. Мира, д. 43, к. 2",,430-591,TGFvladimir@rambler.ru
Волгоград,"ул.Социалистическая,д.5,оф.7",,93-61-96,argo-volgograd@yandex.ru
Вологда,"ул. Октябрьская, д. 27",,(8172) 72-41-47,volkom1@mail.ru
Воронеж,"Ленинский пр-т, д. 39",,248-36-34,zaderoman@yandex.ru
Воронеж,"ул.Куколкина,д.9,оф.23",,8 (473) 295-30-76,vorta19@mail.ru
Воронеж,"ул. Кольцовская, д. 46\А, оф. 8",,(473)-259-32-31,vrnargo2@mail.ru
Выборг,"г.Выборг, ул. Димитрова, д. 4, офис 14",,8-952-220-34-18,zima2007-57@mail.ru
Гомель,Ул.Барыкина 155,,8-10-375-29-150-80-13,argorina77@yandex.by
Гомель,"ул. Речицкий проспект, 105, 1-й этаж",,+375(29)534-07-08,galobolonik@yandex.by
Горно-Алтайск,"ул.Э.Палкина, 5 (площадь, гостиница ""Горный Алтай"") 2 эт офис 210",,"89139994035, 89136945411",altai-argo@yandex.ru
Дзержинск,"ул. Пирогова дом 3 пом.В,",,8-9601830382,lshishova@yandex.ru
Донецк,"ул. Луговцова,д. 5, к.22",,+38-071-374-95-15,haraman_e@mail.ru
Донецк,"ул. Луговцова,д. 5, к.22",,+38-071-374-95-15,haraman_e@mail.ru
Дубна,"г.Дубна, ул.Боголюбова, д.15, ТЦ “АРКА”",,8915 4607219,argo@dubna.ru
Екатеринбург,"ул. Белинского, д.222, оф. 4А",,8-904-547-6700,yarovenkon_75@mail.ru
Екатеринбург,"ул. Ленина 24/8, оф. 207",,(343) 372-30-46,argosha@inbox.ru
Екатеринбург,"УРАЛМАШ, ул. Машиностроителей, 29, 1 этаж, оф.103Интернет магазин: www.uralargo.ru",,(343) 2-687-687(343) 2-688-688(343) 2-689-689,uralargo@mail.ru
Екатеринбург,"ЦЕНТР (напротив ТЦ Гринвич) ул. Радищева, 10 (вход рядом с надписью ""Куранты""), 3-й этаж, оф.319Интернет магазин: www.uralargo.ru",,(343) 2-687-687(343) 2-688-688(343) 2-689-689,uralargo@mail.ru
Екатеринбург,"ул. Генеральская, д.3, офис АРГО.        Сайт: www.арго100.рф",,(343)362-83-41,argomarket@ya.ru
Екатеринбург,ул.Техническая 34 правое крыло 2эт.,,8-912-614-0117,bodrov53@mail.ru
Екатеринбург,"ЦЕНТР (Бизне Центр Консул) ул. Карла Либкнехта, 22 5-й этаж, оф.502 Интернет магазин: www.argo-ekaterinburg.ru",,8(912)046 00 33,olgana@rambler.ru
Елабуга,"ул.Мира,д.53, оф.136",,45530,088933@mail.ru
Ереван,Аваг Петросян 4\15,,"374-010, 58-78-55, 374 010-52-22-77","jemma,gyulzadyan@mail.ru"
Ереван,"ул. Баграмяна, д. 57 кв 4",,(374-91)376033,argo-armenia@mail.ru
Жезказган,"ул. Омарова, д.7, к.21",,,shinkarenko_all@mail.ru
Железногорск,"3 квартал, д. 28",,89645460372,yarygin72@inbox.ru
Железногорск-Илимский,"3 квартал, д. 28",,89645460372,yarygin72@inbox.ru
Жлобин,"Петровского,27",,+375 2334 7-54-67,tatyana147@yandex.ru
Жуковский,"ул. Гагарина,  д.2, 1 этаж, офис ""Арголет""",,8 495 664 5516,argo@argolet.ru
Звенигород,"микрорайон ""Восточный"", мкр.3, д.4, 1-ый этаж.",,"8-964-760-75-13,      8-968-481-29-44",partnerargo@yandex.ru
Иваново,"г Иваново  пер. Врачебный, д. 4, оф. 1",,8-(4932)32-72-83,efa777_85@mail.ru
Иркутск,"ул. Дзержинского, д. 40 оф.22",,604745,211778@rambler.ru
Иркутск,"ул.Фурье,д.16 (ТЦ ""1000 мелочей"")",,8-914-883-76-35,047383@mail.ru
Иркутск,"ул. Свердлова, д. 36, оф. 505",,98-98-06,elenaefimovna@gmail.com
Иркутск,"ул. Байкальская, 126/3",,8 3952 402-803,ruletka68@mail.ru
Иркутск,"ул. Чехова, д. 19,ТЦ ""Рублев""  офис 407",,738 221,nikitina-vera@yandex.ru
Йошкар-Ола,"ул. Красноармейская, д. 8, каб. 4, 11",,8 (8362) 450566,lipa72@rambler.ru
Кагул,"ул. Еминеску, д.10",,"2-88-09, 5-40-98",nicolas62@mail.ru
Казань,"Татарстан, г. Казань, ул.Сафиуллина,д.5,оф.12",,8-999-157-68-50,argo777774@mail.ru
Казань,"Татарстан, г. Казань, ул. Декабристов 131Е",,8-996-828-05-64,argo777778@mail.ru
Казань,"ул.Ямашева, д.92А",,515 4094,088933@mail.ru
Казань,"ул.Сахарова,д.31,оф.107",,262 5958,088933@mail.ru
Казань,"ул.Пушкина,д.12,оф.215",,238 5999,088933@mail.ru
Калининград,"Барнаульская ул., д. 2, оф. 214, 2 этаж",,8-4012-53-91-49,ir.laiko@yandex.ru
Калуга,"ул. Ленина, д.100",,57-20-01,
Каменск-Уральский,"ул. Алюминиевая, д. 62",,30-67-30,suhanova2004@bk.ru
Канск,"ул. Горького, д. 51, 2-ой этаж оф.21",,8-913-039-97-79,argo.luschaeva@mail.ru
Караганда,Караганда Бухар Жырау 49/6 оф 117/б,,8(7212)99-62-77,serge_repichev@mail.ru
Караганда,"ул. Н. Абдирова, д.3/2, к. 205",,91-02-17,karaganda_info@mail.ru
Караганда,"ул. Чижевского, 33-203",,56-66-62,toni52@mail.ru
Караганда,"ул. Жагагау, дом 25",,8 7212 77 16 17,lagutin1988@mail.ru
Караганда,"ул. Алиханова, 37 ( БЦ Партнер) , офис 313",,"8(7212)-567-503, 7-747- 764-63-84",firsval2004@mail.ru
Караганда,"Проспект Республики, д.40",,+7-701-527-6377,abenova_banu@mail.ru
Караганда,"ул.Кривогуза,д.164,оф.202",,8(7212)43-83-11,tatiyana6223@mail.ru
Качканар,"ул. Свердлова, д.26(вход с торца дома от поликлиники)",,8-922-034-6499,argov57@mail.ru
Кемерово,"прсп Ленина,  д. 9, оф.1,",,67-47-45,tata948@rambler.ru
Кисловодск,г.Кисловодск пр.Первомайский д.25а офис .2,,8-905-496-07-52,zhanna472477@yandex.ru
Кишинев,"бульвар Траян,  №4, кв. 129",,56-03-61,tetrakom@rambler.ru
Колпино,"Санкт-Петербург, Колпино, ул.Труда д.15, ТК ""Радуга""",,8-911-964-13-43,zefir-galina@mail.ru
Костанай,"ул. Байтурсынова, д.95, офис 328",,87142540194,argokst@mail.ru
Кострома,"ул. Шагова, д.4,оф.11",,(4942)35-02-55,argo-kostroma@mail.ru
Краков,"Sportowa 14, 32-080 Zabierzow, Polska",,+48 732 834 563,ellan@tut.by
Краснодар,"ул. Горького, д. 86, кв.1",,8-900-277-7158,argo.krasnodar@mail.ru
Краснодар,"ул. Ставропольская, д.78, 2-ой этаж, оф. 202",,8(861)267-58-03,antonia_ol@mail.ru
Краснокаменск,"ул. 4-й общ. Центр, д. ДБ Новинка, к. 3",,4-38-53 (общий),komvist@krasnokamensk.ru
Красноуфимск,"ул.Ленина,д.62, оф.23",,8-912-674-6960,
Красноярск,пр. Металлургов д.22. оф. 6 (Дворец труда),,(391)258-88-90,fomicheva05@mail.ru
Красноярск,"ул. Аэровокзальная, д.17, офис  210 (вход с торца, где кассы ""ЦАВС"")",,282-02-98,argonavt24@mail.ru
Красноярск,"9 мая, д. 30, оф. 20",,(391)295-71-71,47416@mail.ru
Красноярск,пр. Красноярский рабочий 90-А,,"8(391) 201-11-79,",laynercolm@mail.ru
Красноярск,"ул. Сурикова, д.12, каб. 517",,8-391-227-77-74,bahnic@mail.ru
Кропоткин,"ул. Красная, д. 131, вход с ул. 30 лет Победы. Работаем с 10 до 18 час, выходной воскресенье",,8(861-38) 7 -09 -92,godunov-argo@mail.ru
Кропоткин,"г.Кропоткин ,микрорайон 1.,дом 22.,пом.15(кв.86),работаем с 9.00-18.00,вых.-понедельник,субб.и воскр. с 9.00-14.00",,+7 918 230 3770,larisa.orehova2012@yandex.ru
Кропоткин,"ул. Гоголя, д.106, помещение 1.",,+7-918-358-36-12,mv140455@mail.ru
Крымск,"ул. Ленина, д. 190, г. Крымск",,2-27-10,argo_krymsk3@mail.ru
Курск,"ул. Сосновская, д. 1/3, оф.1-2",,4712-7029-37,tm.1973@bk.ru
Курск,ул.Садовая.д.5.оф.26.,,8-953-496-70-87,ic-elis@yandex.ru
Липецк,"ул. Первомайская, д. 78, оф. 228, 2-ой этаж",,8(4742)22-79-33,argo-lipetsk@mail.ru
Липецк,"ул. Крайняя, дом 2, 1 этаж (дом за ТЦ ""Меркурий"")",,8(4742)222-052,argo-lipetsk@bk.ru
Люберцы,"ул. Красная д.4, этаж 2, оф. 1",,(495)589-53-69,argolub@ya.ru
Махачкала,пр. Имама Шамиля 60,,8-928-581-04-66,argo-kaspiy@mail.ru
Мегион,"ул. Строителей 13/2, оф. 42",,212-80,leto1@wsmail.ru
Миасс,"пр.Макеева,д.22,оф.69",,8-902-862-1971,krilova_luba@mail.ru
Москва,"м. Окружная, Гостиничный проезд, д. 6, корп. 2, 9 подъезд. ООО ""АРГО-Максимум""",,495-589-14-14,
Москва,"Армянский переулок, 9 с.1",,+7-922-432-83-88,argo.msk@mail.ru
Москва,"м. «Пушкинская», ""Краун"", Настасьинский пер. д.8, стр.2",,8-495-517-17-29,argo@argo-moscow.ru
Москва,"Москва, ул.Дубнинская, д.2, корпус 7",,8-495-128-89-95,info@argo.su
Москва,"От метро "" Курская"" 250 метров,_______ ул.Земляной вал 20, стр.3___________ График: пн-пт 09:00-21:00  сб-вс 10:00-18:00 Как добраться: выйдя в город из метро на улицу Земляной Вал (Садовое кольцо), нужно по подземному переходу перейти на внутреннюю сторону Садового кольца, пройти 50 метров направо (против движения автотранспорта) до пересечения с Яковоапостольским переулком и повернуть в переулок. Пройдя торец дома (ул. Земляной Вал 18/22), пройти направо через железные ворота во двор. Наш магазин - в светлом двухэтажном здании, вход - ближайший к Садовому кольцу, под козырьком, на домофоне нужно нажать кнопку ""Арго"", внутри здания пройти по коридору направо.",,8(495)108-69-08 8(495)108-56-07 Горячая линия: 8800-777-34-81  WhatsApp +7(960)071-74-00 Сайт: arqo.ru,Общие вопросы: argo-group@bk.ru Оформление заказов: zakaz@arqo.ru Доставка по Москве: admin@arqo.ru Баллы и трансфер: arssil@mail.ru
Москва,"Варшавское шоссе, д.37А, стр.2, офис 402.",,8-495-973-77-84,partnervip@mail.ru
Москва,"м. Чкаловская, ""Арго на Чкаловской"",  Мельницкий пер., дом 6, стр.1, оф.7",,8-977-744-76-57,argo@dubna.ru
Москва,"м. «Красносельская», "" ИЦ ""Планета здоровья"" ул. Верхняя Красносельская, 17А, С1Б , офис 204,",,8-926-458-72-09,sputnikargo@gmail.com
Москва,"м.Водный стадион , Кронштадтский бульвар 7А, подъезд 2, офис В109",,"+7-977-417-4723   ,                                                                                                                                    8-929-992-5158",anibal-af@mail.ru
Москва,"Ярославское ш. дом 26Б, стр. 3",,+7-495-728-34-19,avantiss2009@rambler.ru
Москва,"м. «Таганская», ""Дара"", Народная ул. д.8,подъезд3",,8-495-912-01-85,darahart@mail.ru
Москва,"м.«Красногвардейская», м.""Шипиловская"" ""Алиса"", ул. Шипиловская, д.58, кор.1, оф.203.",,8-499-713-66-03,repin_ury@mail.ru
Москва,"м.""Комсомольская"",""Улыбка Арго"",Комсомольская площадь,д.6,универмаг ""Московский"",3 эт,комн.377.",,8-495-973-55-34,smileargo5@mail.ru
Москва,"м. «Электрозаводская», ""Первый Московский"", ул. Б. Семеновская, д.42,Здание Московского инстр. завода",,8-499-369-44-12,smileargo5@mail.ru
Мытищи,"ул. Веры Волошиной, д. 19, оф. 245,247",,8-919-100-26-90,rom555@inbox.ru
Набережные Челны,"Новый город 45/16, ул.Сююмбике, д.61/2, кабинет 108",,8-927-048-00-25,argo777771@mail.ru
Набережные Челны,"ул. Ю.Ленинцев, д.3а (27/22а), СК ТАНАР",,57-10-57,777tanov@mail.ru
Набережные Челны,"пр. Чулман, д. 120, к. 2",,398025,088933@mail.ru
Набережные Челны,"дом 3/14,оф.289",,398025,088933@mail.ru
Набережные Челны,"дом 32/07,оф.1",,534944,088933@mail.ru
Находка,"ул. Пограничная д.6, офис 315",,611-444,firs2003@list.ru
Невинномысск,"г. Невинномысск, ул. Гагарина д. 22",,+7-928-371-43-40,mvorobey@mail.ru
Нерчинск,"г.Нерчинск, ул.Советская, д.73А.",,,evgenia_68@mail.ru
Нефтекамск,"пр.Парковая ,дом 2",,89867098881,088933@mail.ru
Нижневартовск,"ул. Мира д.4-Б,2 этаж, сек.12 (ОЦ ""Белые ночи"")",,"8-982-190-99-40, 8-3466-54-19-16",lar7772008@mail.ru
Нижневартовск,"ул. Дружбы народов, 36-205 (офис центр за к/т Мир)",,8-912-533-77-06,larkarpenko73nv@mail.ru
Нижний Новгород,"ул. Костина, д.3, офис 308 Бизнес-центр ""Новая площадь""",,8 (831) 430-09-93; +79398042557,pershin1981@mail.ru
Нижний Новгород,"ул. Ильинская, д. 123\Б",,430-38-52  и 8-910-105-4115,340779@list.ru
Нижний Тагил,"ул. Ленина, д. 67, оф 216",,8(3435)42-17-03,ala622@rambler.ru
Новоаганск,"ХМАО-Югра п. Новоаганск  ул. Мелик- Карамова д 7-Б ТД ""Комфорт""",,+7-982-155-76-60,16.olga.16@mail.ru
Новокузнецк,"пр-т Бардина, д.12, оф.44, 1 этаж",,8-913-310-2809,nkargo@mail.ru ;  wachtanna@mail.ru
Ноябрьск,"ул.Советская,д.18,оф.311",,8-912-913-2202,yulenka_k_a@mail.ru
Обнинск,"ул. Аксенова, д.10/А, ТЦ Скала, 1 этаж, налево.",,555-88,nataly.obninsk@gmail.com
Октябрьский,"ул. Садовое кольцо, д. 18\2, к. 8",,,okt.argo@mail.ru
Омск,"Ул. Иркутский тр.,д.32,",,"216-219, 8-901-611-62-19",ok.sa29@mail.ru
Омск,"ул.Фрунзе,д.109,оф.214",,8 382 2266 497,argo@tomsk.ru
Омск,"ул.Ленина,д.110, оф.405",,83822-901-948,argo@tomsk.ru
Омск,ул Кузнецова 16,,83822 53-13-40,376311@mail.ru
Омск,"ПЕР. ПЛЕХАНОВА 5 КНОПКА ДОМОФОНА6, 2 этаж.",,51-12-77,feodosiya@sibmail.ru
Пенза,"ул. Пушкина, д. 3, оф. 212",,54-03-92,rpo58@bk.ru
Первоуральск,"пр-т Ильича, д. 25, подъезд №2, 1 этаж",,89826772363,47666.65@mail.ru
Пермь,"ул. Краснова, д.1, оф. 113 (гост. Динамо)",,8 (342) 210-95-11,argo-perm@bk.ru
Пермь,"ул. Луначарского, д. 90 (вход рядом с 5 подъездом)",,236-55-67,argoperm@list.ru
Петропавловск,"проспект 50 лет Октября, д.17, 2 этаж, оф.218 (бывший ЗАГС)",,+7-909-838-4544,sizova.harmony@mail.ru
Петропавловск-Камчатский,"проспект 50 лет Октября, д.17, 2 этаж, оф.218 (бывший ЗАГС)",,+7-909-838-4544,sizova.harmony@mail.ru
Полоцк,"Г.Полоцк, ул.Скорины д.14, оф. 111, argopro.by",,+375-297-110-460,argo-polotsk@mail.ru
Полоцк,Молодежная 86-55,,8(0214)533-642,AkimovaAV@tut.by
Прокопьевск,"ул. Ноградская, д.19,оф.318",,8-905-965-0848,kapustin-psk@mail.ru
Псков,"Октябрьский проспект, д. 14",,88112682229,argosvetlana@bk.ru
Пятигорск,"г.Пятигорск ,ул. Первомайская, д. 92, корпус 5",,8-8793-33-69-97,argo.py@yandex.ru
Радужный,"ул. 1 микрорайон, д.7, офис 37",,8 9825362810,k2k4@mail.ru
Радужный,"3 микрорайон, д.9, к.1",,3-11-44. 8-982-319-8366,lotos.73@mail.ru
Реутов,"ул. Калинина, д.12 вход со двора",,(495) 528-76-81,47zoya55@mail.ru
Ростов-на-Дону,"ул. Погодина, д. 6, к. 4",,(863)230-27-67,bochagov-argo@inbox.ru
Ростов-на-Дону,"пр-т Будённовский, д.92/А",,231-58-53,yagodka158@mail.ru
Ростов-на-Дону,"ул. 2-я Краснодарская д.80/14, оф.8",,222-333-4,helgaargo@mail.ru
Ростов-на-Дону,"ул. Темерницкая, 58 (Московская, 63), оф. 265",,8(863)266-11-55,argorostov@gmail.com
Ростов-на-Дону,ул.Московская дом 73 офис 109,,89064180744,natalya_yurchenko_73@mail.ru
Рубцовск,"г. Рубцовск пр. Ленина, д.139, оф. Арго",,8 923 644 69 93,tatyana.maltsewa@mail.ru
Рубцовск,"пр-т. Ленина, д. 46 ,  к. 215",,8-961-989-4236,gulkin777@mail.ru
Рудный,"ул. 50 лет октября, д. 78, к. 23",,+7-1431-92-333,kold.63@mail.ru
Рязань,"Рязань ,ул.Есенина 64/32 офис 103",,"89106421623,",sansey3@rambler.ru
Самара,ул Победы д.2 .,,89370711796,Elena-T@bk.ru
Самара,"ул. Братьев Коростелевых (пересечение с Рабочей), д. 140, оф. 16 (цокольный этаж)",,8 (846) 332-49-39,223157@mail.ru
Самара,"ул. Ново-Вокзальная, д. 116, оф. 231",,8927692-74-65,znargo@mail.ru
Самара,"ул.Г.Демитрова ,дом 7,отдельный вход",,,088933@mail.ru
Санкт-Петербург,"пр. Нарвский, д. 18, оф. 302 (М. Нарвская)",,8-812-241-16-15,simoron.ae@mail.ru
Санкт-Петербург,"ул. Алтайская, д.21, офис 1",,(812)37-111-36,svr.argo07@mail.ru
Санкт-Петербург,"Лиговский проспект, д. 87, БЦ ""Андреевский Дом"", оф. 626, 6 этаж (лифт)",,710-81-78,argolena@yandex.ru
Санкт-Петербург,"М.Академическая,пр.Науки 10, 2 этаж",,8 (812) 914 56 45,prometei-center@mail.ru
Санкт-Петербург,"пр. Испытателей д.30, корп.2, этаж 4, офис Арго (метро Комендантский пр.) БЦ LEVEL UP",,8 (906) 269-61-90,argogalina@bk.ru
Санкт-Петербург,"ул. Стахановцев, 14/1, оф. 415",,+7(999)046-24-94,olga_64@mail.ru
Санкт-Петербург,"СПб, пер.Бойцова , дом 4, оф. 148",,8-812-572-66-51,e3562356@mail.ru. zazdraw@mail.ru
Санкт-Петербург,г Пушкин ул. Широкая д 1 (ИЦ основной);,,+7-911-255-92-27;    8(812) 233-23-53,elenapetr@mail.ru
Саратов,"пр. 50 лет Октября, д. 128А, оф. 209",,+7-962-625-70-11,wartoon.88@mail.ru
Севастополь,"ул. Мокроусова, д. 7, кв. 2 (центр, ост. ""Дом офицеров"")",,"+7 978 744-83-43, +7(8692)54-53-61",argo-sevastopol@mail.ru
Серов,"ул. Розы Люксембург, 6",,8-922-196-99-91,oksana_argo@mail.ru
Симферополь,"г. Симферополь, ул. Октябрьская д.15, офис 5",,8 978 933 72 99,argokrimea@mail.ru
Скопин,"ул. К. Маркса, д.104, оф. 9",,8-960-56-82-777,argoskopin@gmail.com
Смоленск,"Рабочий переулок, д.4,офис,5",,8-900-222-18-18,argomax67@gmail.com
Сочи,"Роз95, ТЦ Ярославна",,8-905-099-6905,oksana-argo@yandex.ru
Сочи,"ул. Демократическая, д.38Е, 2 этаж",,89050996905,oksana-argo@yandex.ru
Ставрополь,"ул. 50 лет ВЛКСМ, д. 20/Б, оф. 24",,8962-455-4876,olga454527@mail.ru
Тайшет,"ул.Транспортная,д.18,оф.105",,8-950-113-0392,podolyak.olga@mail.ru
Тамбов,"г.Тамбов, ул Советская, д. 34, оф. 220",,(4752)75-92-63;         905-123-35-27,argotamb@gmail.com
Тамбов,"Красноармейская пл., д.1, гостиница Динамо, оф. 13",,961-929-10-09; 962-239-00-60,alenka13.71@mail.ru
Тара,"ул.Аитикеби , 10",,7 777 726 18 156,kolvachka.60@mail.ru
Тараз,"ул.Аитикеби , 10",,7 777 726 18 156,kolvachka.60@mail.ru
Тверь,"ул. Лидии Базановой, д. 20, оф. 22",,"34-11-38, 8-910-935-04-79",galizem104@mail.ru
Темрюк,"ул. Октябрьская, д. 34",,8-918-054-6473,argo-temruk@mail.ru
Тирасполь,"ул. Краснодонская, д. 36, кв. 51",,,nasanat@mail.ru
Тольятти,"ул Юбилейная 2""Б"", т/д ""Восточный дублер"", офис 8 (3х этажное здание)",,95 -66-98;,Elena-t@bk.ru
Томск,"Ул. Иркутский тр.,д.32,",,"216-219, 8-901-611-62-19",ok.sa29@mail.ru
Томск,"ул.Фрунзе,д.109,оф.214",,8 382 2266 497,argo@tomsk.ru
Томск,"ул.Ленина,д.110, оф.405",,83822-901-948,argo@tomsk.ru
Томск,ул Кузнецова 16,,83822 53-13-40,376311@mail.ru
Томск,"ПЕР. ПЛЕХАНОВА 5 КНОПКА ДОМОФОНА6, 2 этаж.",,51-12-77,feodosiya@sibmail.ru
Туймазы,"пр. Ленина, 4В  XL, оф.7",,8-937-4843310,ira.valieva.1967@mail.ru
Тула,"Красноармейский проспект, 3, оф. 208",,8-920-770-72-00,argo.tula@yandex.ru
Тюмень,"ул. Малыгина  д. 73,  оф. 801",,"8(3452) 542-148,   8-919-936-20-19",masterina@list.ru
Тюмень,"ул Мельникайте, д.98. оф.114",,8-3452-601-675; +79123951845,sedelnikova_l@mail.ru
Тюмень,"ул. Холодильная, д. 65,1 этаж, оф. 14",,"49-47-56, 8-922-475-92-83",butorina85@mail.ru
Улан-Батор,"ул. Сухэбаатара, д. 19, оф. Арго-ЧЦС",,8-10976-11325345,235215@rambler.ru
Улан-Удэ,"ул. Цивилева, д.48\П, оф. 21",,"8 (3012) 440-944, 8 (3012) 44-97-26",krasa-argo@mail.ru
Ульяновск,"ул. Гончарова, д.13а, офис АРГО",,"94-29-26, 72-47-17",lnal@mail.ru
Ульяновск,"ул.Филатова, д.11,офис 50 (Новый Город)",,25-67-66,adc15l@RAMBLER.RU
Усть-Каменогорск,"ул. Казахстан, д. 71, оф. 302",,+7-7232-57-82-62,a_liv@mail.ru
Уфа,пр. Октября д.148,,8-937-169-20-15; 8-937-166-03-88,svetlanash7@mail.ru
Уфа,"Ул.Зорге,д.12/1,оф.3315",,8-937-360-3407,robertinioc@mail.ru
Хабаровск,"ул. Суворова, 51, ТЦ ЭВР, 2 этаж, 7 зал, офисы 54 и 55 и 54.",,"9141519174, 9098713763",natargo@mail.ru
Хабаровск,"г. Хабаровск, пер.Дзержинского 24",,84212205613,
Хабаровск,"ул. Дзержинского, д. 4 ( р-н гостиницы Амур) ул. Королева, 9 ( Первый мк-он)",,749-635; 207-284,oksana_argo@rambler.ru
Хабаровск,"ул. Муравьева-Амурского, д.4, офис 404 (Комсомольская площадь, Дом объединения профсоюзов).",,"(4212) 32-48-35, 60-64-65",svbelyakova@yandex.ru
Чебоксары,"пр. Ленина, д. 19, корп. 1, оф. Арго",,8 (8352) 463-007,argo21reg@mail.ru
Челябинск,"ул. 40 лет Победы, 29В",,8-904-805-05-73,Priladysheva75@mail.ru
Челябинск,"ул. Агалакова, д. 30, оф.01",,"(351)2489334, 89193437939",argoimpuls@mail.ru
Челябинск,"пр. Комсомольский, д. 38",,8 (351) 740-33-32,irargo@mail.ru
Чехов,"ул. Чехова, д. 20",,8(496)72-70-505,argo147608@yandex.ru
Чита,"ул. Ленина д.27, оф.(кв) 2",,+7 914 468 6153,zabsk@yandex.ru
Чита,"Ленина 90, 11",,+7-902-226-65-82,argostyle@mail.ru
Экибастуз,"ул.Кеншелер , 18 Павильон Сказка(2 этаж)",,Да,ekargo@mail.ru
Элиста,"1 мкр-н, д. 46/Б",,28-917,Larisa-svet@mail.ru
Южноуральск,"г. Южноуральск ул. Космонавтов, д.7",,,inna_argo@mail.ru
Якутск,"ул. Лермонтова, д.32, оф. 17",,+7-4112-42-80-52,lb325591@yandex.ru
